,Unnamed: 0,concept,height_meters,height_centimeters,height_millimeters,height_inches,height_feet,length_meters,length_centimeters,length_millimeters,length_inches,length_feet,temperature_celsius,temperature_fahrenheit,temperature_kelvin,value_us dollars,value_euros,value_pounds,weight_kilograms,weight_grams,weight_pounds,weight_ounces,width_meters,width_centimeters,width_millimeters,width_inches,width_feet,texture,colour,material,shape,pattern,location,disposition,model_name
0,,book,0.2633333333333333,26.333333333333332,263.3333333333333,10.367454068241475,0.8639545056867894,2.5811111111111114,258.1111111111111,2581.1111111111113,101.61854768153982,8.468212306794985,23.5,74.3,296.65,16.25,14.772727272727249,12.499999999999975,100.36666666666666,100366.66666666667,221.2708043057786,3540.3328688924557,1.90875,190.875,1908.75,75.14763779527563,6.2623031496062955,['smooth'],"['blue', 'red', 'green', 'white', 'black']","['cardboard', 'cloth', 'paper', 'plastic']","['rectangle', 'square']",['plain'],"['bedroom', 'library', 'office', 'bookstore']",['fragile'],MTurk
1,,motorcycle,1.0179999999999998,101.80000000000001,1018.0,40.07874015748031,3.339895013123362,2.155555555555556,215.55555555555554,2155.5555555555557,84.86439195100611,7.072032662583846,70.0,158.0,343.15,9944.444444444445,9040.404040404035,7649.572649572643,197.77777777777777,197777.77777777778,436.02571865856976,6976.411498537111,0.7122222222222222,71.22222222222223,712.2222222222222,28.040244969378836,2.3366870807815703,['smooth'],"['blue', 'red', 'silver', 'white', 'black']","['rubber', 'leather', 'metal', 'plastic']",[],['plain'],"['garage', 'street', 'parking lot']",['fast'],MTurk
2,,keyboard,0.029444444444444447,2.9444444444444446,29.444444444444443,1.1592300962379665,0.09660250801983088,0.4388888888888889,43.888888888888886,438.8888888888889,17.279090113735798,1.43992417614465,24.857142857142858,76.74285714285715,298.0071428571428,49.44444444444444,44.949494949494984,38.03418803418805,0.788888888888889,788.8888888888889,1.7392037092560888,27.8272593480975,0.14555555555555555,14.555555555555555,145.55555555555554,5.730533683289588,0.4775444736074659,['smooth'],"['black', 'grey', 'white']","['plastic', 'rubber', 'metal']",['rectangle'],['plain'],['office'],['durable'],MTurk
3,,broccoli,0.164825,16.4825,164.825,6.489173228346457,0.5407644356955383,0.18086666666666665,18.086666666666666,180.86666666666667,7.120734908136484,0.5933945756780405,4.6,40.28,277.75,2.0833333333333335,1.8939393939393934,1.6025641025641022,0.3852211111111111,385.2211111111111,0.8492678687258839,13.588285899614133,0.12419999999999999,12.42,124.19999999999999,4.88976377952756,0.40748031496063,"['bumpy', 'rough']",['green'],['water'],[],[],"['farm', 'kitchen']",['perishable'],MTurk
4,,toaster,0.19111111111111112,19.11111111111111,191.11111111111111,7.524059492563434,0.6270049577136193,0.2866666666666667,28.666666666666668,286.6666666666667,11.286089238845115,0.9405074365704286,138.75,281.75,411.9,35.625,32.38636363636366,27.403846153846175,1.8333333333333333,1833.3333333333333,4.041811437003594,64.66898299205751,0.18777777777777777,18.77777777777778,187.77777777777777,7.392825896762907,0.6160688247302423,['smooth'],['silver'],"['plastic', 'metal']",['rectangle'],['plain'],"['kitchen', 'pantry']",[],MTurk
5,,bear,1.7333333333333334,173.33333333333334,1733.3333333333333,68.24146981627297,5.686789151356081,2.011111111111111,201.11111111111111,2011.111111111111,79.17760279965006,6.598133566637504,37.166666666666664,98.9,310.31666666666666,,,,252.2555555555556,252255.55555555556,556.1287579048034,8898.060126476854,0.8777777777777778,87.77777777777777,877.7777777777778,34.55818022747155,2.8798483522892964,['rough'],"['seal brown', 'white', 'black']","['bone', 'fur']",[],['plain'],"['zoo', 'tundra', 'mountain', 'forest', 'park']",[],MTurk
6,,teddy bear,0.30277777777777776,30.27777777777778,302.77777777777777,11.920384951880994,0.9933654126567508,3.9825000000000004,398.25,3982.5,156.79133858267662,13.065944881889767,19.166666666666668,66.5,292.31666666666666,18.88888888888889,17.171717171717155,14.529914529914512,0.29277777777777775,292.77777777777777,0.645465038576028,10.327440617216446,0.21,21.0,210.0,8.26771653543307,0.6889763779527558,[],"['seal brown', 'pink', 'white']",['fabric'],[],['plain'],['bedroom'],[],MTurk
7,,bench,0.40005,40.005,400.04999999999995,15.750000000000028,1.312500000000004,1.3668444444444445,136.68444444444444,1366.8444444444444,53.81277340332458,4.484397783610381,21.666666666666668,71.0,294.81666666666666,177.22222222222223,161.11111111111111,136.32478632478626,27.77777777777778,27777.777777777777,61.23956722732716,979.8330756372335,0.3667222222222223,36.672222222222224,366.72222222222223,14.437882764654429,1.2031568970545363,"['rough', 'smooth']","['seal brown', 'black']","['wood', 'metal', 'plastic']",['rectangle'],['plain'],['park'],"['weather-resistant', 'durable']",MTurk
8,,bottle,0.23142857142857146,23.142857142857142,231.42857142857142,9.111361079865018,0.7592800899887516,0.1324888888888889,13.248888888888889,132.4888888888889,5.216097987751531,0.4346748323126279,16.875,62.375,290.025,7.944444444444445,7.222222222222222,6.111111111111111,0.23666666666666666,236.66666666666666,0.5217611127768276,8.34817780442923,0.06388888888888888,6.388888888888889,63.888888888888886,2.5153105861767253,0.20960921551472758,['smooth'],"['green', 'blue']","['glass', 'metal', 'plastic']","['cylindrical', 'round', 'rectangle']",[],"['kitchen', 'refrigerator', 'store']",['fragile'],MTurk
9,,dog,0.5333333333333333,53.333333333333336,533.3333333333334,20.99737532808397,1.74978127734033,0.7666666666666667,76.66666666666667,766.6666666666666,30.183727034120718,2.5153105861767258,38.388888888888886,101.09999999999998,311.5388888888889,616.6666666666666,560.6060606060611,474.3589743589746,22.22222222222222,22222.222222222223,48.99165378186174,783.8664605097872,0.24444444444444446,24.444444444444443,244.44444444444446,9.62379702537182,0.8019830854476525,['rough'],"['seal brown', 'white', 'black']",[],[],"['striped', 'plain']","['home', 'park']","['friendly', 'loyal']",MTurk
10,,traffic light,0.6699999999999999,67.0,670.0,26.377952755905515,2.1981627296587933,0.7815,78.15,781.5,30.76771653543307,2.563976377952756,122.962962962963,253.33333333333334,396.11296296296297,2137.5,1943.1818181818196,1644.2307692307704,15.1875,15187.5,33.482733381541145,535.7237341046578,0.27874999999999994,27.875,278.75,10.974409448818875,0.9145341207349078,['smooth'],"['red', 'yellow', 'green']","['metal', 'plastic']",['rectangle'],['plain'],[],[],MTurk
11,,handbag,1.0751111111111111,107.51111111111112,1075.111111111111,42.32720909886266,3.5272674249052214,0.2675555555555555,26.755555555555556,267.55555555555554,10.533683289588762,0.8778069407990668,10.518518518518533,50.93333333333334,283.6685185185186,89.62222222222222,81.4747474747474,68.94017094017086,89.83057155555555,89830.57155555555,198.04267173044377,3168.6827476871094,0.11077777777777778,11.077777777777778,110.77777777777777,4.36132983377078,0.36344415281423137,"['soft', 'smooth']","['seal brown', 'red', 'black']","['leather', 'metal', 'plastic']","['cylindrical', 'oval', 'rectangle', 'square']","['striped', 'plain']","['bedroom', 'closet', 'store', 'office']",['durable'],MTurk
12,,baseball glove,0.09513333333333333,9.513333333333334,95.13333333333334,3.7454068241469836,0.31211723534558156,0.2913444444444444,29.134444444444448,291.34444444444443,11.4702537182852,0.9558544765237676,23.0,73.39999999999999,296.15,68.33333333333333,62.12121212121215,52.56410256410259,0.5797238222222222,579.7238222222222,1.278073295433392,20.449172726934265,0.20804444444444445,20.804444444444446,208.04444444444445,8.190726159230099,0.6825605132691748,['smooth'],"['seal brown', 'black']",['leather'],[],[],"['baseball field', 'garage']","['durable', 'flexible']",MTurk
13,,cake,0.10444444444444445,10.444444444444445,104.44444444444444,4.111986001749783,0.342665500145815,0.23888888888888887,23.88888888888889,238.88888888888889,9.405074365704284,0.7837561971420242,19.555555555555557,67.19999999999999,292.7055555555555,23.333333333333332,21.212121212121204,17.948717948717935,1.5555555555555556,1555.5555555555557,3.4294157647303245,54.870652235685164,0.2222222222222222,22.22222222222222,222.22222222222223,8.748906386701666,0.7290755322251388,['smooth'],"['seal brown', 'pink', 'white']",[],"['cylindrical', 'square', 'rectangle']",[],"['kitchen', 'bakery']","['fragile', 'perishable']",MTurk
14,,fork,0.008875000000000001,0.8875,8.875,0.34940944881889735,0.029117454068241434,0.185,18.5,185.0,7.283464566929136,0.6069553805774276,22.0,71.6,295.15,1.3125,1.1931818181818181,1.0096153846153844,0.0375,37.5,0.08267341575689166,1.3227746521102677,0.025,2.5,25.0,0.984251968503937,0.0820209973753281,['smooth'],"['silver', 'white', 'or', 'black']","['wood', 'metal', 'plastic']",[],"['plain', 'striped']","['kitchen', 'restaurant', 'cafeteria']",['durable'],MTurk
15,,clock,0.115,11.5,115.0,4.527559055118111,0.37729658792650905,0.32375,32.375,323.75,12.74606299212598,1.0621719160104992,,,,30.0,27.272727272727284,23.076923076923087,0.7642857142857142,764.2857142857143,1.684962949711887,26.959407195390195,0.23165,23.165,231.65,9.120078740157481,0.7600065616797902,['smooth'],"['or', 'white']","['wood', 'glass', 'metal', 'plastic']","['square', 'rectangle', 'round']",['plain'],"['classroom', 'bedroom', 'kitchen', 'office']",['durable'],MTurk
16,,backpack,0.275,27.5,275.0,10.82677165354331,0.9022309711286101,0.41250000000000003,41.25,412.5,16.240157480314974,1.353346456692916,25.0,77.0,298.15,51.111111111111114,46.4646464646465,39.31623931623933,0.8555555555555556,855.5555555555555,1.8861786706016745,30.178858729626842,0.2642857142857143,26.428571428571427,264.2857142857143,10.404949381327302,0.8670791151106113,[],"['grey', 'blue', 'black']",['leather'],"['cylindrical', 'rectangle']",['striped'],['office'],['durable'],MTurk
17,,refrigerator,1.7254222222222222,172.54222222222222,1725.4222222222222,67.93000874890637,5.660834062408865,0.8198666666666665,81.98666666666666,819.8666666666667,32.27821522309709,2.6898512685914278,114.88888888888889,238.79999999999998,388.03888888888895,662.2222222222222,602.0202020202019,509.4017094017093,71.11111111111111,71111.11111111111,156.7732921019573,2508.3726736313174,0.7344,73.44,734.4000000000001,28.913385826771655,2.409448818897639,"['smooth', 'matted']","['silver', 'white', 'black']","['rubber', 'metal', 'plastic']",['rectangle'],['plain'],"['kitchen', 'garage', 'break room']",['durable'],MTurk
18,,zebra,1.187675,118.7675,1187.675,46.75885826771654,3.8965715223097095,2.1724666666666668,217.24666666666667,2172.4666666666667,85.53018372703414,7.127515310586174,36.64197530864198,97.95555555555556,309.791975308642,4483.333333333333,4075.757575757578,3448.71794871795,331.25,331250.0,730.281839185876,11684.509426974024,26.166733333333333,2616.6733333333336,26166.733333333334,1030.1863517060372,85.84886264216972,['smooth'],"['white', 'black']",[],[],['striped'],['zoo'],[],MTurk
19,,sheep,0.7333055555555554,73.33055555555556,733.3055555555555,28.870297462817128,2.4058581219014274,0.9166333333333334,91.66333333333334,916.6333333333334,36.08792650918636,3.0073272090988636,34.577777777777776,94.24,307.72777777777776,181.25,164.772727272727,139.42307692307662,73.61111111111111,73611.11111111111,162.28485315241653,2596.5576504386704,0.33331666666666665,33.33166666666667,333.31666666666666,13.122703412073482,1.0935586176727907,['rough'],"['seal brown', 'grey', 'white', 'black']",['wool'],"['cylindrical', 'oval']",['plain'],"['pasture', 'farm', 'barn']",['timid'],MTurk
20,,dining table,0.75,75.0,750.0,29.527559055118097,2.46062992125984,1.7666666666666668,176.66666666666666,1766.6666666666667,69.55380577427825,5.79615048118985,24.5,76.1,297.65,388.8888888888889,353.53535353535386,299.1452991452994,42.22222222222222,42222.22222222222,93.08414218553729,1489.3462749685978,0.8999999999999999,90.0,900.0,35.4330708661417,2.95275590551181,[],"['black', 'seal brown']","['wood', 'plastic', 'glass', 'metal']","['oval', 'square', 'round', 'rectangle']",['plain'],"['dining room', 'kitchen']",['durable'],MTurk
21,,sports ball,0.198875,19.8875,198.875,7.829724409448822,0.6524770341207349,0.18275,18.275,182.75,7.194881889763782,0.5995734908136483,21.25,70.25,294.4,21.666666666666668,19.696969696969703,16.666666666666664,0.41823515555555557,418.23515555555554,0.9220514373171392,14.752822997074215,0.193875,19.3875,193.875,7.632874015748035,0.6360728346456692,"['rough', 'smooth']","['red', 'white']","['rubber', 'leather', 'plastic']",[],"['striped', 'plain']","['field', 'garage']",['durable'],MTurk
22,,stop sign,1.0535,105.35,1053.5,41.476377952755904,3.4563648293963243,0.605375,60.5375,605.375,23.83366141732284,1.9861384514435663,26.6,79.88,299.75,117.5875,106.89772727272708,90.4519230769229,2.5045,2504.5,5.521481860350268,88.34370976560427,0.6345000000000001,63.45,634.5,24.980314960629926,2.081692913385824,['smooth'],['red'],[],['octagon'],['plain'],['parking lot'],['durable'],MTurk
23,,snowboard,0.011000000000000001,1.1,11.0,0.4330708661417321,0.036089238845144325,1.5466666666666669,154.66666666666666,1546.6666666666667,60.89238845144358,5.074365704286965,0.0,32.0,273.15,405.55555555555554,368.686868686869,311.96581196581224,4.166666666666667,4166.666666666667,9.185935084099079,146.974961345585,0.2611111111111112,26.11111111111111,261.1111111111111,10.279965004374436,0.8566637503645376,['smooth'],"['red', 'white', 'black', 'blue']","['wood', 'metal', 'plastic']",['rectangle'],[],"['garage', 'mountain']",['durable'],MTurk
24,,apple,0.07166666666666667,7.166666666666667,71.66666666666667,2.821522309711285,0.23512685914260734,0.07277777777777777,7.277777777777778,72.77777777777777,2.865266841644792,0.23877223680373316,12.5,54.5,285.65,0.8333333333333334,0.7575757575757579,0.6410256410256413,16.823333333333338,16823.333333333332,37.08913149555846,593.426103928935,0.07555555555555556,7.555555555555555,75.55555555555556,2.9746281714785647,0.24788568095654714,['smooth'],"['yellow', 'green']",['organic'],['round'],"['striped', 'plain']","['grocery', 'orchard', 'kitchen', 'store']",['perishable'],MTurk
25,,cup,0.09722222222222222,9.722222222222221,97.22222222222223,3.827646544181978,0.31897054534849795,0.085,8.5,85.0,3.3464566929133865,0.27887139107611547,48.333333333333336,119.0,321.48333333333335,5.277777777777778,4.7979797979798064,4.059829059829063,0.2555555555555556,255.55555555555554,0.5634040184914095,9.014464295862549,0.07833333333333332,7.833333333333333,78.33333333333333,3.0839895013123364,0.25699912510936135,['smooth'],"['blue', 'red', 'white']","['ceramic', 'plastic', 'glass']","['cylindrical', 'conical', 'round']",['plain'],"['kitchen', 'office']",['fragile'],MTurk
26,,person,1.296875,129.6875,1296.875,51.05807086614173,4.254839238845145,1.4322,143.22,1432.2,56.38582677165353,4.6988188976377945,32.833333333333336,91.1,305.98333333333335,,,,69.12690044444444,69126.90044444444,152.39885281143466,2438.38164498296,0.3625,36.25,362.5,14.271653543307092,1.1893044619422586,['smooth'],[],[],['cylindrical'],[],[],[],MTurk
27,,baseball bat,1.5413000000000001,154.13,1541.3,60.681102362204626,5.056758530183724,0.7342444444444445,73.42444444444443,734.2444444444444,28.907261592300966,2.40893846602508,11.022222222222231,51.839999999999996,284.17222222222216,54.81111111111111,49.828282828282845,42.16239316239318,1.6056094444444444,1605.6094444444445,3.5397657904999265,56.636252647998866,0.05977333333333333,5.977333333333333,59.77333333333334,2.353280839895012,0.19610673665791775,['smooth'],['red'],['wood'],['cylindrical'],['plain'],['garage'],[],MTurk
28,,TV,0.6242857142857143,62.42857142857143,624.2857142857143,24.578177727784034,2.0481814773153353,0.9933749999999999,99.3375,993.375,39.109251968503926,3.259104330708661,28.194444444444443,82.75,301.3444444444444,475.0,431.81818181818215,365.38461538461564,13.25,13250.0,29.211273567435065,467.38037707896035,0.474625,47.4625,474.625,18.686023622047255,1.5571686351706027,['smooth'],['silver'],"['glass', 'metal', 'plastic']",['rectangle'],[],"['living room', 'office', 'bedroom']",['fragile'],MTurk
29,,toothbrush,0.021111111111111115,2.111111111111111,21.11111111111111,0.8311461067366577,0.06926217556138814,0.1611111111111111,16.11111111111111,161.11111111111111,6.342957130358706,0.5285797608632252,22.3,72.14,295.45,2.5555555555555554,2.3232323232323235,1.9658119658119655,0.062233333333333335,62.233333333333334,0.13720112641610374,2.1952180226576625,0.01655555555555556,1.6555555555555557,16.555555555555557,0.651793525809274,0.05431612715077281,"['soft', 'smooth']",[],"['rubber', 'nylon', 'plastic']","['cylindrical', 'rectangle']","['striped', 'plain']","['bag', 'bathroom']","['durable', 'water-resistant']",MTurk
30,,spoon,0.02748888888888889,2.748888888888889,27.48888888888889,1.0822397200349956,0.0901866433362496,0.16666666666666663,16.666666666666668,166.66666666666666,6.561679790026248,0.5468066491688542,33.3,91.94000000000001,306.45,2.0,1.8181818181818192,1.5384615384615394,0.030305555555555554,30.305555555555557,0.06681236784501388,1.068997885520223,0.0468888888888889,4.688888888888889,46.888888888888886,1.8460192475940502,0.15383493729950418,['smooth'],['silver'],"['wood', 'plastic']","['oval', 'bowl']",['plain'],['kitchen'],['durable'],MTurk
31,,vase,0.29444444444444445,29.444444444444443,294.44444444444446,11.5923009623797,0.9660250801983086,0.24,24.0,240.0,9.448818897637787,0.7874015748031493,12.511111111111111,54.519999999999996,285.6611111111109,78.33333333333333,71.21212121212127,60.256410256410305,1.1,1100.0,2.4250868622021553,38.80138979523451,0.13777777777777778,13.777777777777779,137.77777777777777,5.424321959755031,0.45202682997958604,['smooth'],"['blue', 'red', 'silver', 'green', 'white']","['porcelain', 'ceramic', 'plastic', 'glass', 'metal']","['cylindrical', 'rectangle']","['striped', 'plain']",['living room'],"['decorative', 'fragile']",MTurk
32,,giraffe,5.361314285714286,536.1314285714286,5361.314285714286,211.07536557930243,17.589613798275227,3.5116444444444443,351.1644444444444,3511.644444444444,138.25371828521432,11.52114319043453,38.375,101.07499999999999,311.525,82000.0,74545.45454545462,63076.92307692314,1249.0,1249000.0,2753.575900809536,44057.2144129526,1.4256,142.56,1425.6,56.1259842519685,4.677165354330709,[],['seal brown'],[],['cylindrical'],[],[],[],MTurk
33,,microwave,0.82,82.0,820.0,32.28346456692907,2.690288713910759,0.55,55.0,550.0,21.6535433070866,1.8044619422572177,82.5,180.5,355.65,201.25,182.95454545454547,154.8076923076923,11.074,11074.0,24.414010829115163,390.62417326584256,0.5111111111111111,51.111111111111114,511.1111111111111,20.12248468941381,1.6768737241178193,['smooth'],"['silver', 'white', 'black']","['metal', 'plastic']",['rectangle'],['plain'],"['kitchen', 'dorm room', 'office']",[],MTurk
34,,bus,2.556277777777778,255.6277777777778,2556.277777777778,100.6408573928259,8.38673811606882,9.225000000000001,922.5,9225.0,363.18897637795294,30.265748031496074,23.083333333333332,73.55,296.23333333333335,300000.0,272727.2727272728,230769.23076923084,13111.111111111111,13111111.111111112,28905.075731298413,462481.21170077473,1.9336055555555554,193.36055555555555,1933.6055555555556,76.12620297462817,6.3438502478856815,['smooth'],"['yellow', 'white', 'red']","['rubber', 'glass', 'metal', 'plastic']",['rectangle'],[],[],['durable'],MTurk
35,,couch,0.8388888888888889,83.88888888888889,838.8888888888889,33.0271216097988,2.7522601341498953,2.0999999999999996,210.0,2100.0,82.67716535433073,6.889763779527561,23.5,74.3,296.65,988.8888888888889,898.9898989898984,760.6837606837603,63.888888888888886,63888.88888888889,140.85100462285243,2253.6160739656375,0.8944444444444445,89.44444444444444,894.4444444444445,35.21434820647416,2.9345290172061813,"['soft', 'smooth']","['seal brown', 'grey']","['fabric', 'leather', 'wood', 'metal']","['rectangle', 'l-shaped']","['striped', 'plain']","['living room', 'office']",[],MTurk
36,,laptop,0.018837499999999997,1.88375,18.8375,0.7416338582677169,0.06180282152230973,0.32875000000000004,32.875,328.75,12.942913385826774,1.0785761154855633,36.875,98.375,310.025,812.5,738.6363636363635,624.9999999999998,1.557597,1557.597,3.433916383004994,54.94266212807989,0.225,22.5,225.0,8.858267716535437,0.7381889763779528,"['smooth', 'matted']",['black'],['plastic'],['rectangle'],['plain'],['office'],['fragile'],MTurk
37,,boat,1.44375,144.375,1443.75,56.840551181102356,4.736712598425196,6.111111111111111,611.1111111111111,6111.111111111111,240.59492563429552,20.0495771361913,28.75,83.75,301.9,11835.0,10759.090909090912,9103.846153846156,544.4444444444445,544444.4444444445,1200.2955176556125,19204.7282824898,2.0444444444444443,204.44444444444446,2044.4444444444443,80.48993875765534,6.707494896471274,['smooth'],"['blue', 'red', 'green', 'white']","['wood', 'fiberglass', 'plastic']","['oval', 'v-shaped']","['striped', 'plain']","['river', 'lake', 'ocean', 'harbor']","['durable', 'water-resistant']",MTurk
38,,scissors,0.23544444444444446,23.544444444444444,235.44444444444446,9.269466316710414,0.7724555263925346,0.3266666666666667,32.666666666666664,326.6666666666667,12.860892388451443,1.0717410323709542,67.375,153.275,340.525,37.5,34.09090909090906,28.846153846153804,0.15833333333333333,158.33333333333334,0.34906553319576505,5.585048531132237,0.6688888888888889,66.88888888888889,668.8888888888889,26.334208223971988,2.194517351997669,['smooth'],"['blue', 'red', 'silver', 'black']","['rubber', 'steel', 'plastic']",[],['plain'],"['classroom', 'kitchen', 'office']","['durable', 'sharp']",MTurk
39,,hair drier,0.17666666666666667,17.666666666666668,176.66666666666666,6.955380577427824,0.5796150481189851,0.23888888888888887,23.88888888888889,238.88888888888889,9.405074365704289,0.7837561971420242,75.0,167.0,348.15,38.888888888888886,35.35353535353537,29.914529914529933,0.5555555555555556,555.5555555555555,1.2247913445465455,19.5966615127447,0.10888888888888888,10.88888888888889,108.88888888888889,4.286964129483817,0.357247010790318,"['smooth', 'matted']","['blue', 'red', 'pink', 'silver', 'white', 'black']","['rubber', 'metal', 'plastic']",['cylindrical'],['plain'],"['bedroom', 'bathroom', 'salon']",[],MTurk
40,,suitcase,0.25625,25.625,256.25,10.088582677165348,0.8407152230971129,0.6187500000000001,61.875,618.75,24.360236220472462,2.0300196850393672,23.5,74.3,296.65,103.75,94.31818181818176,79.80769230769225,3.75,3750.0,8.267341575689166,132.27746521102688,0.4,40.0,400.0,15.748031496063,1.3123359580052498,['smooth'],"['blue', 'black']","['fabric', 'metal', 'plastic']",['rectangle'],"['plain', 'striped']","['closet', 'hotel', 'airfield', 'bedroom']",['durable'],MTurk
41,,fire hydrant,3.63779375,363.779375,3637.79375,143.2202263779527,11.935018864829392,0.4776714285714286,47.76714285714286,477.67142857142863,18.80596175478065,1.5671634795650538,,,,1344.25,1222.0454545454518,1034.0384615384592,92.31735,92317.35,203.525084216653,3256.4013474664466,0.3382833333333333,33.82833333333333,338.28333333333336,13.318241469816298,1.1098534558180249,['rough'],"['yellow', 'blue', 'red']",[],['cylindrical'],[],['street'],['durable'],MTurk
42,,cat,0.25,25.0,250.0,9.842519685039369,0.820209973753281,6.1537500000000005,615.375,6153.75,242.2736220472436,20.189468503937054,38.359722222222224,101.0475,311.50972222222225,721.875,656.2500000000006,555.288461538462,4.357142857142857,4357.142857142857,9.60586354508646,153.69381672138343,0.25875,25.875,258.75,10.18700787401575,0.8489173228346457,"['soft', 'smooth']","['grey', 'seal brown', 'orange', 'white', 'black']","['bone', 'fur', 'skin']",[],"['striped', 'spotted', 'plain']",[],"['independent', 'curious', 'playful']",MTurk
43,,chair,0.78125,78.125,781.25,30.75787401574802,2.563156167979001,0.5,50.0,500.0,19.68503937007875,1.6404199475065624,23.8,74.84,296.95,78.125,71.02272727272725,60.09615384615382,6.5,6500.0,14.330058731194546,229.28093969911293,0.46111111111111114,46.111111111111114,461.1111111111111,18.153980752405957,1.5128317293671645,"['smooth', 'rough']","['seal brown', 'grey', 'black']","['wood', 'metal', 'plastic', 'fabric', 'leather']",['rectangle'],"['striped', 'plain']","['office', 'kitchen', 'dining room']",['durable'],MTurk
44,,frisbee,0.19333333333333333,19.333333333333332,193.33333333333334,7.6115485564304395,0.634295713035871,0.524,52.4,524.0,20.629921259842526,1.7191601049868772,25.0,77.0,298.15,10.555555555555555,9.595959595959592,8.119658119658114,0.17444444444444446,174.44444444444446,0.38458448218761443,6.153351715001836,0.29500000000000004,29.5,295.0,11.614173228346456,0.9678477690288712,['smooth'],"['red', 'orange', 'green']",['plastic'],['circular'],['plain'],"['beach', 'backyard', 'garage', 'park']","['durable', 'lightweight']",MTurk
45,,truck,2.5277777777777777,252.77777777777777,2527.777777777778,99.51881014873135,8.293234179060946,7.0,700.0,7000.0,275.59055118110234,22.965879265091868,45.925925925925924,114.66666666666667,319.0759259259258,56111.11111111111,51010.101010100996,43162.393162393186,7611.111111111111,7611111.111111111,16779.64142028763,268474.26272460236,2.216666666666667,221.66666666666666,2216.6666666666665,87.27034120734908,7.272528433945758,['smooth'],"['blue', 'red', 'silver', 'green', 'white', 'black']","['rubber', 'plastic', 'metal']",['rectangle'],"['striped', 'plain']","['construction site', 'garage', 'highway']","['durable', 'tough']",MTurk
46,,cow,1.825,182.5,1825.0,71.85039370078735,5.987532808398948,22.147222222222222,2214.722222222222,22147.222222222223,871.9378827646549,72.66149023038783,34.833333333333336,94.69999999999999,307.98333333333335,737.5,670.4545454545439,567.3076923076907,636.1111111111111,636111.1111111111,1402.386089505794,22438.1774320927,0.7844444444444444,78.44444444444444,784.4444444444445,30.883639545056887,2.57363662875474,['smooth'],"['seal brown', 'white', 'black']",[],[],[],"['farm', 'pasture', 'barn']",[],MTurk
47,,car,1.5196,151.95999999999998,1519.6,59.8267716535433,4.9855643044619375,4.4741333333333335,447.41333333333336,4474.133333333333,176.1469816272969,14.67891513560809,37.22222222222223,99.0,310.37222222222215,30373.222222222223,27612.020202020212,23364.0170940171,1008.5231888888889,1008523.1888888888,2223.4148505460635,35574.637608737,1.8032,180.32000000000002,1803.1999999999998,70.992125984252,5.916010498687663,['smooth'],"['silver', 'white', 'blue', 'red', 'black']","['rubber', 'glass', 'plastic']",[],['plain'],"['garage', 'parking lot', 'driveway', 'street']",[],MTurk
48,,hot dog,0.04027777777777777,4.027777777777778,40.27777777777778,1.5857392825896734,0.13214494021580622,0.1527777777777778,15.277777777777779,152.77777777777777,6.014873140857392,0.5012394284047832,62.77777777777778,145.0,335.92777777777775,2.888888888888889,2.6262626262626267,2.2222222222222223,22.309444444444445,22309.444444444445,49.18394602295558,786.9431363672886,0.028333333333333335,2.8333333333333335,28.333333333333332,1.1154855643044614,0.09295713035870519,['smooth'],['seal brown'],[],['cylindrical'],['plain'],"['kitchen', 'street']",[],MTurk
49,,airplane,12.5,1250.0,12500.0,492.1259842519687,41.01049868766403,39.611111111111114,3961.1111111111113,39611.11111111111,1559.4925634295712,129.95771361913097,13.9,57.02,287.05,62222273.333333336,56565703.030303024,47863287.17948716,69116.11111111111,69116111.1111111,152375.0663836908,2438001.0621390548,36.333333333333336,3633.3333333333335,36333.333333333336,1430.4461942257199,119.20384951880985,['smooth'],"['silver', 'white', 'blue']","['aluminium', 'plastic']","['cylindrical', 'rectangle']","['striped', 'plain']","['runway', 'airfield', 'hangar']",['durable'],MTurk
50,,tie,0.025333333333333333,2.533333333333333,25.333333333333332,0.9973753280839891,0.08311461067366584,1.2106666666666666,121.06666666666666,1210.6666666666667,47.664041994750676,3.972003499562556,22.5,72.5,295.65,25.555555555555557,23.23232323232321,19.658119658119638,7.5675,7567.5,16.68349529974078,266.93592479585226,0.14101388888888888,14.101388888888888,141.01388888888889,5.5517279090113725,0.4626439924176144,['smooth'],"['blue', 'red', 'black']","['silk', 'polyester', 'cotton']",['rectangle'],"['striped', 'plain']",['closet'],[],MTurk
51,,sink,0.25,25.0,250.0,9.842519685039377,0.8202099737532811,0.6166666666666666,61.666666666666664,616.6666666666666,24.27821522309712,2.0231846019247555,27.0,80.6,300.15,177.77777777777777,161.61616161616155,136.75213675213664,12.112777777777778,12112.777777777777,26.704125685148295,427.26601096237255,0.46111111111111114,46.111111111111114,461.1111111111111,18.153980752405968,1.5128317293671654,['smooth'],"['white', 'black']","['porcelain', 'steel', 'ceramic', 'plastic']","['round', 'oval', 'rectangle']",['plain'],"['kitchen', 'laundry room', 'bathroom']","['durable', 'water-resistant']",MTurk
52,,elephant,3.6999999999999997,370.0,3700.0,145.66929133858252,12.139107611548559,6.838666666666667,683.8666666666667,6838.666666666667,269.23884514435696,22.436570428696395,33.86805555555556,92.9625,307.01805555555546,40200.340000000004,36545.763636363634,30923.338461538457,4573.333333333333,4573333.333333333,10082.482348307156,161319.71757291432,1.4,140.0,1400.0,55.11811023622049,4.593175853018373,"['wrinkled', 'rough']",[],['skin'],[],['plain'],"['zoo', 'forest']",[],MTurk
53,,bicycle,0.9044444444444445,90.44444444444444,904.4444444444445,35.60804899387578,2.9673374161563113,1.353,135.3,1353.0,53.267716535433074,4.4389763779527565,7.77777777777778,46.0,280.92777777777746,401.1111111111111,364.64646464646495,308.5470085470088,15.11111111111111,15111.111111111111,33.31432457166595,533.0291931466556,0.5433333333333333,54.333333333333336,543.3333333333334,21.391076115485575,1.7825896762904607,"['rubbery', 'rough', 'smooth']","['blue', 'red', 'silver', 'green', 'white', 'black']","['rubber', 'aluminium', 'metal', 'plastic']","['circular', 'cylindrical']","['striped', 'plain']","['garage', 'street', 'park']",['durable'],MTurk
54,,banana,0.03357142857142857,3.357142857142857,33.57142857142857,1.3217097862767129,0.11014248218972615,0.1811111111111111,18.11111111111111,181.11111111111111,7.130358705161858,0.5941965587634876,21.333333333333332,70.39999999999999,294.48333333333335,0.22777777777777775,0.20707070707070693,0.1752136752136751,0.12166666666666666,121.66666666666667,0.2682293044556927,4.291668871291084,0.038888888888888896,3.888888888888889,38.888888888888886,1.5310586176727912,0.1275882181393992,"['soft', 'smooth']","['yellow', 'seal brown', 'green']",['flesh'],['cylindrical'],[],"['kitchen', 'grocery', 'store']",['perishable'],MTurk
55,,bowl,0.07642857142857144,7.642857142857143,76.42857142857143,3.008998875140606,0.25074990626171745,0.17099999999999999,17.1,171.0,6.732283464566929,0.5610236220472443,40.0,104.0,313.15,8.6875,7.897727272727277,6.682692307692308,0.40625,406.25,0.8956286706996598,14.330058731194574,0.17937499999999998,17.9375,179.375,7.062007874015748,0.5885006561679793,['smooth'],"['blue', 'white']","['glass', 'ceramic', 'plastic', 'metal', 'wood']",['round'],"['striped', 'plain']","['kitchen', 'restaurant', 'cafeteria']",['fragile'],MTurk
56,,donut,0.030000000000000002,3.0,30.0,1.18110236220472,0.0984251968503937,0.09,9.0,90.0,3.5433070866141723,0.295275590551181,34.375,93.875,307.525,1.6666666666666667,1.5151515151515142,1.2820512820512808,0.061666666666666675,61.666666666666664,0.13595183924466644,2.1752294279146622,0.0811111111111111,8.11111111111111,81.11111111111111,3.1933508311461054,0.2661125692621755,['soft'],"['seal brown', 'white', 'pink']",[],"['ring', 'round', 'circular']",['striped'],"['bakery', 'store', 'kitchen']","['perishable', 'sweet']",MTurk
57,,wine glass,0.9533333333333334,95.33333333333333,953.3333333333334,37.532808398950095,3.1277340332458485,0.09666666666666666,9.666666666666666,96.66666666666667,3.8057742782152233,0.3171478565179355,19.25,66.65,292.4,11.142857142857142,10.129870129870117,8.571428571428559,25.18125,25181.25,55.5151986807528,888.243178892044,0.07094444444444443,7.094444444444445,70.94444444444444,2.7930883639545057,0.23275736366287555,['smooth'],['transparent'],['glass'],"['cylindrical', 'round']",['plain'],"['kitchen', 'bar']",['fragile'],MTurk
58,,skateboard,0.22633333333333333,22.633333333333333,226.33333333333334,8.910761154855647,0.7425634295713033,0.7974888888888889,79.74888888888889,797.4888888888888,31.397200349956265,2.616433362496355,85.0,185.0,358.15,83.33333333333333,75.7575757575758,64.1025641025641,24.381682666666663,24381.682666666668,53.752453012104915,860.0392481936778,0.37868888888888885,37.86888888888889,378.68888888888887,14.909011373578307,1.242417614464859,"['rough', 'smooth']","['blue', 'red', 'green', 'black']","['wood', 'metal', 'plastic']",['rectangle'],"['logo', 'striped']",['garage'],['durable'],MTurk
59,,oven,0.8801777777777777,88.01777777777778,880.1777777777778,34.65266841644793,2.887722368037327,8.876022222222222,887.6022222222223,8876.022222222222,349.44969378827636,29.120807815689677,190.76388888888886,375.375,463.91388888888883,955.5555555555555,868.6868686868689,735.0427350427352,52.559866666666665,52559.86666666667,115.8747655749367,1853.9962491989875,0.6009111111111111,60.091111111111104,600.911111111111,23.65791776027997,1.971493146689994,['smooth'],"['silver', 'white', 'black']","['metal', 'plastic', 'glass']","['square', 'rectangle']",['plain'],"['kitchen', 'bakery', 'restaurant']","['durable', 'heat-resistant']",MTurk
60,,knife,0.013666666666666667,1.3666666666666667,13.666666666666666,0.5380577427821517,0.04483814523184599,0.23666666666666666,23.666666666666668,236.66666666666666,9.317585301837267,0.7764654418197727,22.8,73.03999999999999,295.95,25.0,22.727272727272723,19.23076923076922,0.1722222222222222,172.22222222222223,0.37968531680942874,6.074965068950856,0.030000000000000002,3.0,30.0,1.1811023622047223,0.09842519685039376,['smooth'],"['silver', 'black']","['ceramic', 'plastic', 'wood', 'metal']",['cylindrical'],['plain'],"['restaurant', 'kitchen', 'garage']","['durable', 'sharp']",MTurk
61,,cell phone,0.157,15.7,157.0,6.181102362204727,0.5150918635170606,0.14875,14.875,148.75,5.856299212598424,0.48802493438320255,28.881944444444443,83.9875,302.0319444444444,644.4444444444445,585.8585858585858,495.72649572649567,23.473333333333336,23473.333333333332,51.749883889780534,827.9981422364883,0.08500000000000002,8.5,85.0,3.3464566929133834,0.2788713910761158,['smooth'],"['silver', 'blue', 'black', 'white']","['glass', 'plastic']",['rectangle'],['plain'],[],"['portable', 'fragile']",MTurk
62,,bird,0.15125,15.125,151.25,5.95472440944882,0.49622703412073516,0.23750000000000002,23.75,237.5,9.350393700787397,0.7791994750656169,37.875,100.17500000000001,311.025,40.0,36.36363636363639,30.769230769230788,3.3687500000000004,3368.75,7.426828515494109,118.8292562479056,0.3,30.0,300.0,11.81102362204724,0.9842519685039367,['smooth'],"['seal brown', 'blue', 'white']",[],[],"['striped', 'plain']",['sky'],['fragile'],MTurk
63,,tennis racket,0.03875,3.875,38.75,1.5255905511810992,0.12713254593175846,0.6391111111111112,63.91111111111112,639.1111111111111,25.16185476815398,2.096821230679496,20.0,68.0,293.15,118.33333333333333,107.5757575757575,91.02564102564104,64.63888888888889,64638.88888888889,142.50447293799027,2280.0715670078403,0.2538888888888889,25.38888888888889,253.88888888888889,9.995625546806636,0.8329687955672207,['smooth'],"['blue', 'red', 'yellow', 'black']",[],['oval'],"['plain', 'striped']","['store', 'garage']",['lightweight'],MTurk
64,,skis,0.4491714285714286,44.917142857142856,449.1714285714285,17.68391451068617,1.4736595425571803,1.66875,166.875,1668.75,65.6988188976378,5.47490157480315,6.75,44.15,279.9,512.5,465.9090909090911,394.2307692307695,2.8444444444444446,2844.4444444444443,6.2709316840783025,100.33490694525288,0.0825,8.25,82.5,3.2480314960629926,0.27066929133858264,['smooth'],['red'],"['wood', 'metal', 'plastic']",[],['striped'],['garage'],[],MTurk
65,,train,3.7222222222222223,372.22222222222223,3722.222222222222,146.54418197725306,12.212015164771092,202.77777777777777,20277.777777777777,202777.77777777778,7983.377077865271,665.2814231554391,22.8,73.03999999999999,295.95,7625626.25,6932387.500000004,5865866.34615385,355577.77777777775,355577777.7777778,783915.4521635697,12542647.234617118,2.6444444444444444,264.44444444444446,2644.4444444444443,104.11198600174939,8.675998833479149,['smooth'],"['blue', 'red', 'yellow', 'silver', 'green', 'white']","['rubber', 'plastic', 'glass', 'metal']","['cylindrical', 'rectangle']","['striped', 'plain']",[],"['durable', 'powerful']",MTurk
66,,bed,0.4736666666666667,47.36666666666667,473.6666666666667,18.648293963254574,1.5540244969378818,1.7724444444444445,177.24444444444444,1772.4444444444443,69.78127734033248,5.8151064450277055,24.25,75.65,297.4,730.5555555555555,664.1414141414136,561.9658119658113,63.63106666666666,63631.066666666666,140.28260345567523,2244.5216552908046,1.3427777777777778,134.27777777777777,1342.7777777777778,52.86526684164479,4.4054389034704,['smooth'],"['grey', 'seal brown', 'white', 'black']","['wood', 'fabric', 'metal']",['rectangle'],"['striped', 'plain']",['bedroom'],[],MTurk
67,,carrot,0.16699999999999998,16.7,167.0,6.574803149606288,0.5479002624671913,0.633125,63.3125,633.125,24.926181102362214,2.077181758530185,6.666666666666667,44.0,279.81666666666666,89.20625000000001,81.09659090909092,68.62019230769226,15.1781875,15178.1875,33.462202816628135,535.3952450660514,0.8778571428571428,87.78571428571429,877.8571428571429,34.5613048368954,2.8801087364079434,['smooth'],['orange'],[],"['cylindrical', 'conical']",['plain'],['kitchen'],[],MTurk
68,,kite,0.04785714285714286,4.785714285714286,47.857142857142854,1.884139482564679,0.15701162354705644,0.5999999999999999,60.0,600.0,23.6220472440945,1.96850393700787,22.5,72.5,295.65,8.75,7.9545454545454515,6.7307692307692255,0.14375000000000002,143.75,0.31691476040141836,5.070636166422688,0.525,52.5,525.0,20.669291338582653,1.7224409448818874,['smooth'],"['blue', 'red', 'yellow', 'multicolored', 'green']","['paper', 'wood', 'plastic']","['rhombus', 'delta', 'rectangle']",['striped'],"['beach', 'garage', 'park']","['lightweight', 'fragile']",MTurk
69,,umbrella,0.5812499999999999,58.125,581.25,22.883858267716544,1.9069881889763765,0.55625,55.625,556.25,21.89960629921259,1.8249671916010488,3.56944444444445,38.425,276.7194444444445,16.666666666666668,15.15151515151514,12.82051282051281,0.37777777777777777,377.77777777777777,0.8328581142916496,13.325729828666393,1.0333333333333334,103.33333333333333,1033.3333333333333,40.682414698162766,3.390201224846891,['smooth'],"['red', 'black', 'blue']","['metal', 'plastic']","['circular', 'cylindrical']","['plain', 'striped']",['office'],['water-resistant'],MTurk
70,,surfboard,1.047375,104.7375,1047.375,41.23523622047249,3.43626968503937,1.3395555555555556,133.95555555555555,1339.5555555555557,52.73840769903761,4.3948673082531355,28.055555555555557,82.5,301.20555555555546,551.25,501.1363636363634,424.0384615384617,4.533495,4533.495,9.994653785781056,159.914460572497,0.3894444444444444,38.94444444444444,389.44444444444446,15.332458442694653,1.2777048702245555,['smooth'],"['blue', 'red', 'yellow']",['fiberglass'],['oval'],"['logo', 'striped', 'plain']","['beach', 'garage', 'shop', 'shed']","['durable', 'fragile']",MTurk
71,,remote,0.2936111111111111,29.36111111111111,293.6111111111111,11.559492563429572,0.9632910469524644,1.8177777777777777,181.77777777777777,1817.7777777777778,71.56605424321958,5.963837853601628,33.333333333333336,92.0,306.4833333333333,19.444444444444443,17.676767676767668,14.957264957264945,13.453333333333335,13453.333333333334,29.659547199539052,474.552755192625,0.5422222222222222,54.22222222222222,542.2222222222222,21.347331583552098,1.778944298629343,['smooth'],"['grey', 'black']","['rubber', 'plastic', 'metal']","['oval', 'rectangle']",[],['bedroom'],[],MTurk
72,,toilet,1.153125,115.3125,1153.125,45.39862204724404,3.783218503937005,0.7444444444444445,74.44444444444444,744.4444444444445,29.308836395450548,2.442403032954217,39.0,102.20000000000002,312.15,230.55555555555554,209.59595959595947,177.35042735042722,28.91111111111111,28911.11111111111,63.73814157020209,1019.8102651232332,0.5144444444444445,51.44444444444444,514.4444444444445,20.253718285214333,1.6878098571011977,['smooth'],['white'],"['ceramic', 'metal', 'plastic']","['cylindrical', 'oval', 'rectangle']",['plain'],"['restroom', 'bathroom']","['durable', 'water-resistant']",MTurk
73,,horse,1.5860888888888889,158.60888888888888,1586.0888888888887,62.44444444444447,5.203703703703706,2.432311111111111,243.2311111111111,2432.311111111111,95.7602799650044,7.980023330417026,37.94444444444444,100.30000000000001,311.09444444444443,4444.444444444444,4040.4040404040434,3418.8034188034217,459.44444444444446,459444.44444444444,1012.9024419399923,16206.43907103984,0.6820222222222222,68.20222222222222,682.0222222222222,26.851268591426077,2.237605715952171,"['rough', 'smooth']","['grey', 'seal brown', 'white', 'black']",[],[],"['striped', 'spotted', 'plain']","['farm', 'stable', 'pasture']",['strong'],MTurk
74,,parking meter,1.0666666666666667,106.66666666666667,1066.6666666666667,41.99475065616797,3.499562554680664,0.21428571428571427,21.428571428571427,214.28571428571428,8.436445444319462,0.7030371203599552,21.507936507936506,70.71428571428571,294.6579365079364,500.0,454.545454545455,384.615384615385,21.833333333333332,21833.333333333332,48.134299840679134,770.1487974508661,0.21666666666666667,21.666666666666668,216.66666666666666,8.530183727034117,0.7108486439195103,['smooth'],"['silver', 'grey', 'black']","['glass', 'metal', 'plastic']","['cylindrical', 'rectangle']",[],"['street', 'parking lot', 'sidewalk']",['weather-resistant'],MTurk
75,,pizza,0.058100000000000006,5.8100000000000005,58.1,2.287401574803149,0.19061679790026248,0.2934285714285714,29.342857142857145,293.42857142857144,11.552305961754744,0.962692163479565,96.85185185185179,206.33333333333334,370.0018518518519,13.47625,12.251136363636348,10.366346153846143,1.033495,1033.495,2.2784683151378324,36.45549304220534,0.30694999999999995,30.695,306.95,12.084645669291302,1.0070538057742786,[],"['yellow', 'seal brown', 'red']",[],"['rectangle', 'circular']",[],"['kitchen', 'pizzeria', 'restaurant']",['fragile'],MTurk
76,,mouse,0.042911111111111115,4.29111111111111,42.91111111111111,1.6894138232720912,0.1407844852726743,0.1088888888888889,10.88888888888889,108.88888888888889,4.286964129483812,0.3572470107903183,29.0,84.2,302.15,21.666666666666668,19.696969696969703,16.666666666666664,0.1,100.0,0.220462442018378,3.52739907229404,0.72,72.0,720.0,28.346456692913403,2.3622047244094437,"['smooth', 'matted']","['grey', 'white', 'black']","['rubber', 'plastic', 'metal']","['oval', 'rectangle']",['plain'],"['computer lab', 'desk', 'office']",[],MTurk
77,,potted plant,0.29777777777777775,29.77777777777778,297.77777777777777,11.723534558180198,0.9769612131816855,0.7633333333333333,76.33333333333333,763.3333333333334,30.052493438320155,2.5043744531933494,8.711111111111112,47.68,281.861111111111,20.0,18.181818181818173,15.38461538461537,3.022222222222222,3022.222222222222,6.662864914333194,106.60583862933106,0.38111111111111107,38.111111111111114,381.1111111111111,15.00437445319335,1.250364537766113,"['rough', 'smooth']",[],"['ceramic', 'metal', 'plastic']",['cylindrical'],"['striped', 'plain']","['kitchen', 'balcony', 'office']",[],MTurk
78,,sandwich,0.04888888888888889,4.888888888888889,48.888888888888886,1.9247594050743624,0.16039661708953035,0.12666666666666665,12.666666666666666,126.66666666666667,4.986876640419949,0.4155730533683292,25.0,77.0,298.15,5.777777777777778,5.252525252525255,4.444444444444446,16.83888888888889,16838.88888888889,37.123425653205764,593.9748104512919,0.08666666666666666,8.666666666666666,86.66666666666667,3.41207349081365,0.284339457567804,['soft'],"['seal brown', 'red', 'yellow', 'green', 'white']",[],"['square', 'rectangle']",['plain'],"['kitchen', 'picnic', 'cafeteria', 'restaurant']","['fragile', 'perishable']",MTurk
79,,orange,0.07375000000000001,7.375,73.75,2.9035433070866126,0.241961942257218,0.17666666666666667,17.666666666666668,176.66666666666666,6.955380577427822,0.5796150481189849,17.8,64.03999999999999,290.95,0.525,0.4772727272727275,0.403846153846154,25.163125,25163.125,55.47523986313698,887.6038378101908,0.07375000000000001,7.375,73.75,2.9035433070866126,0.241961942257218,['bumpy'],['orange'],[],['round'],['plain'],"['kitchen', 'grocery', 'store']",[],MTurk
