,concept,model_name,mean_area_error_feet,mean_area_error_centimeters,mean_area_error_millimeters,mean_area_error_inches,mean_area_error_meters
0,sports ball,phi3mini_4k_instruct_q4,,,,,
1,sports ball,qwen25_7b_standard,,,,,
2,sports ball,llava_7b_standard,,,,,
3,sports ball,qwen25_1b_standard,,,,,
4,sports ball,llama31_8b_standard,,,,,
5,sports ball,llama_30b_standard,,,,,
6,teddy bear,phi3mini_4k_instruct_q4,6.550917999506604,14881.25,8863750.0,1377.511303147409,0.032175
7,teddy bear,qwen25_7b_standard,0.9321679995066028,2548.5,3637500.0,155.14232716733153,0.007593750000000001
8,teddy bear,llava_7b_standard,1.8511776466234728,5992.335526315789,4246625.0,784.248349465666,0.0386078125
9,teddy bear,qwen25_1b_standard,317.8677929995066,6873.26225,8971871.0125,1222.2619975918537,0.07431698314374999
10,teddy bear,llama31_8b_standard,1.0609919997143489,37692.514728,9506200.0,1255.1671531474092,2.070602777777778
11,teddy bear,llama_30b_standard,64.3253343329633,11278.881000000001,14817609.397428446,2640.231669911931,0.305291904890625
12,bench,phi3mini_4k_instruct_q4,104.9772499872867,655056.2496399998,270475649.64000005,28841.399978031455,0.95583749964
13,bench,qwen25_7b_standard,45.52499998728672,2020874.9996400005,1571999999.6399999,91583.99997803147,4.70999999964
14,bench,llava_7b_standard,410.6842105136026,6803890.908730909,640346736528.6404,38630.99997803145,7.986124999640002
15,bench,qwen25_1b_standard,3452.346749987287,2292910.5259557893,633983705.6399997,45420.59997803146,3074.9044087629736
16,bench,llama31_8b_standard,159.95424998728672,1407149.99964,837199999.64,110161.12497803144,3.7151999996400003
17,bench,llama_30b_standard,142.02508332062004,1452125.4526235294,911151749262.798,26391.727835174304,1.4011094114047058
18,cup,phi3mini_4k_instruct_q4,,,,,
19,cup,qwen25_7b_standard,,,,,
20,cup,llava_7b_standard,,,,,
21,cup,qwen25_1b_standard,,,,,
22,cup,llama31_8b_standard,,,,,
23,cup,llama_30b_standard,,,,,
24,kite,phi3mini_4k_instruct_q4,79.22805999835536,1027500.0,345125000.0,41860.68767715803,1.2298749999999998
25,kite,qwen25_7b_standard,1175.8968099983554,32400.0,53557692.307692304,1644.337322841969,35.345
26,kite,llava_7b_standard,440.3141047046247,27490.117847222224,1790089206.5336537,2588.212411420984,1.8367763157894736
27,kite,qwen25_1b_standard,222.25714834920336,82785.425275,27458625.25,1672.6095647484167,0.0673155
28,kite,llama31_8b_standard,75.60550999835536,369659.5,27380555.555555556,25782.769927158028,2.3364000000000003
29,kite,llama_30b_standard,103.20728583223689,57233766.2785,8235296974096250.0,11131.311039832824,4.653905454545455
30,snowboard,phi3mini_4k_instruct_q4,22.303583999753307,521960.0,1503700.0,44157.73065157371,0.6909250000000001
31,snowboard,qwen25_7b_standard,331.4223339997533,1526625.0,144629124.0,271930.3931515737,3.73659375
32,snowboard,llava_7b_standard,18053.791083999753,1701039.3,1227269510.4857142,91113.07648490701,1676.3861060439556
33,snowboard,qwen25_1b_standard,140.8570402497533,1663248.225,6935990.4,44231.24099157371,4.248758055555555
34,snowboard,llama31_8b_standard,68792.47233399976,813725.4294736842,940688766.6666666,580110.4625960181,31.614324999999997
35,snowboard,llama_30b_standard,28298.319265817943,3725700.970588235,94516772.21428572,582282.5993967422,490.6620967636364
36,stop sign,phi3mini_4k_instruct_q4,110.31687598421131,32488.140000000003,174638900.0,4096.4382992829,0.451615
37,stop sign,qwen25_7b_standard,95.72937598421129,197050.0,179200000.0,16380.361700717103,0.8202
38,stop sign,llava_7b_standard,430.67937598421133,208793.88024333335,278821376.27145016,20614.369711891253,1.1761877777777778
39,stop sign,qwen25_1b_standard,1101.7234051508779,328353.69065450004,255728138.88120002,14848.044042705751,2.7546209635
40,stop sign,llama31_8b_standard,32.795000984211285,618529.5,111648000.0,6095.94593028684,0.9071052631578949
41,stop sign,llama_30b_standard,414.00278471722527,2794986.2881476474,273582038.9955556,12594.698123234135,2.6552666666666664
42,handbag,phi3mini_4k_instruct_q4,1.2441619996710682,29006.25,11202375.0,1671.407535431606,0.01458
43,handbag,qwen25_7b_standard,0.08025780019735891,10956.45625,1698000.0,276.30753543160625,0.028875000000000005
44,handbag,llava_7b_standard,0.12057508338815526,12232.361111111111,8205486.111111111,488.0428302158032,0.022298214285714286
45,handbag,qwen25_1b_standard,1013.0276119996712,10926.61125,5932343.4535,376.92521938844567,0.03348924926031249
46,handbag,llama31_8b_standard,134.94386202252824,10613.035714285714,22364500.0,389.9305354316062,22.074347058823534
47,handbag,llama_30b_standard,23.62464266641083,4885.6,9180714.666666666,25165.076940507595,2109.2108416666665
48,surfboard,phi3mini_4k_instruct_q4,395.1339259965463,3116172.0,2808602600.0,448500.9041220319,9.337
49,surfboard,qwen25_7b_standard,150.83767599654624,1816920.0,2876130000.0,63547.50412203187,4.31325
50,surfboard,llava_7b_standard,329.4283009965462,2936516.158333333,93507757191150.0,121360.65118085538,10.32926666666667
51,surfboard,qwen25_1b_standard,219.79080099654615,1932823.971875,59736964.453125,58203.547872031864,0.41899900000000007
52,surfboard,llama31_8b_standard,395.19037599654615,2251478.888888889,875372940.0,53037.05967758742,3.173186842105263
53,surfboard,llama_30b_standard,248.3931290641315,1205756.4463255263,342191649744.44446,99591.91291275529,5.7197139158092325
54,umbrella,phi3mini_4k_instruct_q4,4.80115362642143,700262.5,1068250000.0,15213.507481364573,0.27769999999999995
55,umbrella,qwen25_7b_standard,52.11399597064285,145692.5,175892500.0,28682.183712729147,2.2477499999999995
56,umbrella,llava_7b_standard,56.73627733007143,404738.58229166665,850735071.7466667,18334.479111069846,0.5480555555555555
57,umbrella,qwen25_1b_standard,295.25992871694996,7212268.02368421,549849227.45,31276.229650229147,0.49350272500000003
58,umbrella,llama31_8b_standard,32.05485040293571,369362.0,387111375.0,9257.310276889262,5.864805555555555
59,umbrella,llama_30b_standard,2470.063147582385,348122.09105555556,409971564.5833333,20309.248329,320.1809141333334
60,broccoli,phi3mini_4k_instruct_q4,0.4414197998684273,4673.125,5754487.5,287.41496456839377,0.004662250000000001
61,broccoli,qwen25_7b_standard,0.09694920029603842,4763.2125,5925957.5,357.8862145683937,0.0023062500000000006
62,broccoli,llava_7b_standard,10.128945333004403,2706.84375,5675128.676470588,312.0738573941278,0.05473906249999999
63,broccoli,qwen25_1b_standard,0.6106892119302522,7011.49295,5671805.601199999,364.2483658841832,0.005461643612375
64,broccoli,llama31_8b_standard,4.652585683881595,5851.0615384615385,4012500.0,116.30246456839373,0.03282500000000001
65,broccoli,llama_30b_standard,21.49220409830995,4688.81028,5627173.582473684,354.3866430455958,0.06819775000157768
66,banana,phi3mini_4k_instruct_q4,14.528030511320571,39142.520000000004,2219150.0,539.1317185619508,0.12029975
67,banana,qwen25_7b_standard,153.09178051132056,102.60499999999999,10536875.0,168.6717235619511,0.21576725
68,banana,llava_7b_standard,498.9329569819089,4511.805555555556,15439533984750.0,305.32984856195105,1.5934825277777778
69,banana,qwen25_1b_standard,4.1413063446539065,3235.2612001424104,362512.29449999996,64.84291333838242,0.078026825
70,banana,llama31_8b_standard,212.0408158054382,156.29033333333328,13390646.6,243.28050538013292,6.964898828947368
71,banana,llama_30b_standard,8.681455900179001,10494.409399999999,10795170.823529411,358.7784503318613,5.549649357714285
72,skateboard,phi3mini_4k_instruct_q4,25.730482878934264,171714.375,14301362.5,18992.74341479841,0.9345424999999998
73,skateboard,qwen25_7b_standard,26.138482878934262,389572.5,16832950.0,776.5214266814362,0.7508160000000001
74,skateboard,llava_7b_standard,7637.835816212266,324558.80555555556,349643545.51666665,30417.7048629486,3.1927311538461542
75,skateboard,qwen25_1b_standard,184.77949887893428,244747.3872222222,22918437.789473683,4096.108191457168,7.214850470547368
76,skateboard,llama31_8b_standard,7124.170670378934,116387.50886000002,60533221.176470585,13481.6627530337,1.53052973
77,skateboard,llama_30b_standard,81.27130049234626,150604.54008333336,186760898.9717647,11398.751118624,68.23739215230162
78,keyboard,phi3mini_4k_instruct_q4,1.5474252998889857,47010.375,1054536.0,560.3237932081671,0.008583250000000002
79,keyboard,qwen25_7b_standard,6.978487799888986,41508.1,40093421.05263158,153.1771163583666,0.03553750000000001
80,keyboard,llava_7b_standard,150.490511237389,137079.7704566389,987825352.685452,6672.13966445145,7.301844345178572
81,keyboard,qwen25_1b_standard,1.5649049987288983,1981.6100712,1955903.61917125,120.68189141326023,0.0024655491502717617
82,keyboard,llama31_8b_standard,12.158004949902864,21688.9882,44926691.88235294,1534.5781213331668,0.12371942307692309
83,keyboard,llama_30b_standard,88.85985811935763,9537.517049999999,40298507843.53109,531.8426542018847,6.29420288178959
84,baseball glove,phi3mini_4k_instruct_q4,14.600611999671068,134230.4925,4098808.0,1233.7507854316063,0.031343075
85,baseball glove,qwen25_7b_standard,6.972486999671068,15635.572999999999,21416250.0,861.6637854316061,0.028125
86,baseball glove,llava_7b_standard,164.01534276890183,8303.756470588234,41585613.63636363,882.597277557916,0.03541835218181818
87,baseball glove,qwen25_1b_standard,1041.6617369996711,47741.517125,23733648.72,741.5419104316061,34.100070137125
88,baseball glove,llama31_8b_standard,1.7020775557382954,9218.69609,4670083.166666667,1170.6453643789746,0.011981194444444444
89,baseball glove,llama_30b_standard,2441.133586470794,7782.686173496241,9203489.8327,975.1303053356937,0.5362781779380803
90,tennis racket,phi3mini_4k_instruct_q4,,,,,
91,tennis racket,qwen25_7b_standard,,,,,
92,tennis racket,llava_7b_standard,,,,,
93,tennis racket,qwen25_1b_standard,,,,,
94,tennis racket,llama31_8b_standard,,,,,
95,tennis racket,llama_30b_standard,,,,,
96,zebra,phi3mini_4k_instruct_q4,153.48194389737336,6507850.0,1484170000.0,6814.253367203302,8.821749999999998
97,zebra,qwen25_7b_standard,333.96894389737326,4993720.0,9590400000.0,266901.91105466115,35.74425000000001
98,zebra,llava_7b_standard,94.43028062740319,10764540.2875,597914185000.0,103707.90881511295,9.17028166666667
99,zebra,qwen25_1b_standard,133051.5062388974,16262413.91205,1713035242.2121053,458003.07629826275,1769.618796898624
100,zebra,llama31_8b_standard,209.4128938973734,3071938.222222222,3555369736.8421054,104679.83962360429,3.2009999999999996
101,zebra,llama_30b_standard,288.8607710165654,10678527.303333335,4577966605.94375,446174.4428954979,326.3390026737968
102,bed,phi3mini_4k_instruct_q4,135.45307202799992,3592551.0,14189450.0,381054.2834643839,0.5914985
103,bed,qwen25_7b_standard,288.0499470279999,6554998.5,3447998500.0,247796.54846438387,2.6339984999999997
104,bed,llava_7b_standard,215.6519113137142,2299678.5,74562986735.29411,104203.40846438386,1.4519784999999998
105,bed,qwen25_1b_standard,391.44439147244435,5336321.65625,3463723400.0,570208.0384643838,1.060610342105263
106,bed,llama31_8b_standard,601.358572028,5068982.25,4251597940.0,210848.04004333122,3.7875679736842103
107,bed,llama_30b_standard,496.37856674235746,14000002461057.176,564707071198276.9,425261.9519683412,4.861280852941176
108,sink,phi3mini_4k_instruct_q4,13.468007997039617,71443.75,26478750.0,3505.117818884456,0.06749999999999999
109,sink,qwen25_7b_standard,27.568007997039615,58350.0,38400000.0,5704.717818884456,0.23560000000000003
110,sink,llava_7b_standard,61.24925799703962,88501.53846153847,45663787.5,4137.999590855042,0.3234772727272727
111,sink,qwen25_1b_standard,21.25182389763169,23770.824375,50889225.8125,1847.225744892435,0.067525
112,sink,llama31_8b_standard,22.38083694440803,155299.824,67027500.0,10669.329032119751,0.32720000000000005
113,sink,llama_30b_standard,86.78009054822375,75794.96318181818,49782883.23636364,2687.4011811155437,5.702724314416184
114,suitcase,phi3mini_4k_instruct_q4,7.423619996710682,12750.0,53637262.5,2196.06028345285,0.0195
115,suitcase,qwen25_7b_standard,5.0667839976974784,161130.0,127637500.0,4515.000354316064,0.19178125000000001
116,suitcase,llava_7b_standard,32.61491384640688,30272.25,2730959529.4117646,2163.6401393196493,0.018393333333333338
117,suitcase,qwen25_1b_standard,1763.3458699967105,65455.134999999995,1951781827.3026316,1016.0147165471499,0.075771375
118,suitcase,llama31_8b_standard,143.5173699967107,86125.85,101189473.68421052,9589.475354316064,0.12195263157894737
119,suitcase,llama_30b_standard,40.10643933179832,86460.44736842105,137848038.6887218,8139.12461151082,5.6750390412
120,couch,phi3mini_4k_instruct_q4,62.08154988898561,1440576.9244000001,1509717250.0,62318.125924900276,0.7827000000000003
121,couch,qwen25_7b_standard,79.01279988898561,372150.0,755400000.0,36011.93456653367,1.0138
122,couch,llava_7b_standard,272.52387767909835,1248675.1900000002,23768641976.291668,64581.787674185834,0.9008035714285715
123,couch,qwen25_1b_standard,5107.421549888986,3069352.462878268,1789839500.0,106698.74179183289,1.5197187500000002
124,couch,llama31_8b_standard,3195.841549888986,1074839.4736842106,845192631.5789474,55321.718208167105,16.40719
125,couch,llama_30b_standard,269.13866069667614,1767649.152,21313141693.965107,79690.5641297035,1.2905768421052632
126,dining table,phi3mini_4k_instruct_q4,14.321553980017407,792703.125,790031250.0,11993.449075099745,0.23253749999999992
127,dining table,qwen25_7b_standard,70.04267993339136,135000.0,137700000.0,42712.15092490027,0.38812499999999994
128,dining table,llava_7b_standard,80.01940230200516,818968.0,496122352.9411765,49692.61635836658,2.5626315789473684
129,dining table,qwen25_1b_standard,1996.6609924333911,2198191.239,2211712421.0526314,60824.81967028941,21.378793979374997
130,dining table,llama31_8b_standard,1837.7635049333908,502995.7894736842,316414473.68421054,18731.139035573564,0.8293473684210525
131,dining table,llama_30b_standard,112.9034141058926,14345340.658823531,858184483437.5,49942.20258289998,5.887721842105263
132,bird,phi3mini_4k_instruct_q4,9.869676666392555,19865.625,3674250.0,427.7557736210708,0.05874999999999999
133,bird,qwen25_7b_standard,1.125,22863.65625,5006250.0,170.1224881894646,0.05176249999999999
134,bird,llava_7b_standard,17.413426666392557,12845.80125,5299561554618571.0,1498.1578198815846,0.25031875
135,bird,qwen25_1b_standard,9.911413508497818,29884.6375,10819839.352631578,647.3377051385102,0.6444144736842103
136,bird,llama31_8b_standard,18.036390952106846,7557.321428571428,48419500.0,382.2831197970022,0.053212499999999996
137,bird,llama_30b_standard,26.343026666392557,138910.69466666665,26844963.63590909,1645.417342518813,0.08413961600000001
138,bicycle,phi3mini_4k_instruct_q4,36.30910979199474,509436.5,82331850.0,70052.3767205669,1.0625040000000001
139,bicycle,qwen25_7b_standard,141.1528597919947,1130862.0,1139904000.0,10404.541720566904,1.5974039999999998
140,bicycle,llava_7b_standard,83.93048479199474,1757277.3538333334,65848383323866.664,29153.589148171995,0.72165403931875
141,bicycle,qwen25_1b_standard,628.0446541447449,1383721.8227266863,291012526.65,15511.645970566902,0.19090049999999997
142,bicycle,llama31_8b_standard,45.545925581468424,1131361.5,1833350263.1578948,111655.8417205669,4.3191706666666665
143,bicycle,llama_30b_standard,61.075845454540755,1694011.4688666668,623654659.5055599,7506.38643504059,5.087039800000001
144,spoon,phi3mini_4k_instruct_q4,0.0017243359990132066,1638.1375,818555.0,60.348306515737065,0.00031646399999999997
145,spoon,qwen25_7b_standard,0.02341083999753301,201.375,70575.0,12.578931515737045,0.0046425
146,spoon,llava_7b_standard,0.09653818727070883,2641.539583333333,102463041.66666667,19.20791331446713,0.007121192666666667
147,spoon,qwen25_1b_standard,0.1412683562953962,966.9947368421053,42517.08,10.027553649380256,0.004348667319078947
148,spoon,llama31_8b_standard,0.0031977180878587676,3971.603,3348651.923076923,45.72169467363179,0.0024451052631578947
149,spoon,llama_30b_standard,22.081253969997654,2871.994044444444,256723.04315734506,29.078251374010627,36.637629040672984
150,hair drier,phi3mini_4k_instruct_q4,2.076053898512288,11074.375,8324500.0,843.6426707865425,0.0037899999999999995
151,hair drier,qwen25_7b_standard,0.3544423731403602,5104.325,1090125.0,183.5501304494204,0.06898
152,hair drier,llava_7b_standard,10.430237827685815,3450.5593750000003,2564291.1458333335,144.8673825093582,0.023382859615384614
153,hair drier,qwen25_1b_standard,19.80010487314036,5233.853947368421,3422337.8012500005,143.9892042134577,1.357151111111111
154,hair drier,llama31_8b_standard,0.4816431358263241,6413.4037499999995,4197053.166666667,874.4043707865424,0.037343157894736835
155,hair drier,llama_30b_standard,6.918262581426323,33080.85624466243,4563919.2105263155,366.8119083391822,0.01400795202540497
156,baseball bat,phi3mini_4k_instruct_q4,,,,,
157,baseball bat,qwen25_7b_standard,,,,,
158,baseball bat,llava_7b_standard,,,,,
159,baseball bat,qwen25_1b_standard,,,,,
160,baseball bat,llama31_8b_standard,,,,,
161,baseball bat,llama_30b_standard,,,,,
162,vase,phi3mini_4k_instruct_q4,2.1208059998355346,16012.5,16263750.0,971.0243927158032,0.007443
163,vase,qwen25_7b_standard,0.4315559998355344,3987.825,3446250.0,77.3501374010622,0.015206249999999996
164,vase,llava_7b_standard,0.2069129791392557,2221.8711805555554,1872169.828125,188.25804768186526,0.011143750000000001
165,vase,qwen25_1b_standard,104.24602539985199,3681.0125,2923929.9325,94.98692869706389,0.0016952937499999997
166,vase,llama31_8b_standard,0.5206726315356667,7945.390625,2738653.846153846,467.74929403159257,0.1002
167,vase,llama_30b_standard,389.73307380381516,157337.86842105264,367620386.6666667,1205.7832376703707,5.833801111111111
168,dog,phi3mini_4k_instruct_q4,9.105149995888357,56998.719999999994,45923750.0,2675.657582895078,0.08699
169,dog,qwen25_7b_standard,2.4438650037004797,200100.0,166635000.0,13567.219192895078,0.39845625
170,dog,llava_7b_standard,8.258830767016807,105293.90625,70405032890909.1,8677.218897631692,0.10903676470588236
171,dog,qwen25_1b_standard,73.78141562088835,41988.53,68454475.4257761,8390.656892895076,0.52065275
172,dog,llama31_8b_standard,13.060447365175019,40480.9,92610504954.54546,3394.568967368616,0.11855555555555555
173,dog,llama_30b_standard,24.622772218567423,218851.05599999998,73930021.57935625,9446.508293615012,5.377447222222221
174,bottle,phi3mini_4k_instruct_q4,0.9752512943979605,4548.675000000001,5282362.5,167.689291719676,0.0016163
175,bottle,qwen25_7b_standard,0.04706129439796063,4367.175000000001,2872175.0,146.729916719676,0.0029628000000000007
176,bottle,llava_7b_standard,0.016944563628729856,2616.9083333333333,2033550.0,21.606887678254356,0.0105284125
177,bottle,qwen25_1b_standard,7.019156369397962,1178.9859999999999,1328385.7169348751,31.748612719675965,0.0007015944999999999
178,bottle,llama31_8b_standard,0.1322347360646273,4205.934375000001,3115106.3333333335,212.8723137784995,0.00495755
179,bottle,llama_30b_standard,37.99715007136654,2618.662026235294,2353563.6470588236,184.64853447978393,0.07700110441553139
180,fire hydrant,phi3mini_4k_instruct_q4,,,,,
181,fire hydrant,qwen25_7b_standard,,,,,
182,fire hydrant,llava_7b_standard,,,,,
183,fire hydrant,qwen25_1b_standard,,,,,
184,fire hydrant,llama31_8b_standard,,,,,
185,fire hydrant,llama_30b_standard,,,,,
186,horse,phi3mini_4k_instruct_q4,79.81300629895226,4714443.0,2203857936.0,53725.96424516314,6.273719999999999
187,horse,qwen25_7b_standard,172.50600472421422,1926000.0,2855500000.0,140103.45872114736,4.07925
188,horse,llava_7b_standard,,,,,
189,horse,qwen25_1b_standard,663.1787009529135,2509326.0923450002,2717372397379.6846,217602.23410172577,1.16067155
190,horse,llama31_8b_standard,257.84470551158324,1680516.5,36547949214.28571,93877.97253715788,2.5727600000000006
191,horse,llama_30b_standard,1728.2637486877186,1109328.0428235293,1970808442.8214285,777162.8886623437,33.35883
192,apple,phi3mini_4k_instruct_q4,0.010563991013095582,39.615600000000015,5425.0,4.344232594905341,0.00032601288
193,apple,qwen25_7b_standard,0.00610170200748319,55.14876,194320.0,2.815732137861924,0.0054525
194,apple,llava_7b_standard,1.021873869981292,185.24791666666667,88425.5,9.431117791823706,0.004256850177777776
195,apple,qwen25_1b_standard,0.1381086102457428,308.73742500000003,321688.39925,19.164637047327403,0.022977031160650002
196,apple,llama31_8b_standard,0.010646269821339552,34.43958333333333,22420.148947368423,4.759791422327403,2.585310681052634e-05
197,apple,llama_30b_standard,18.757497144765743,947.1636500000001,172949.54035294117,14.9832525492364,50.852468281250005
198,airplane,phi3mini_4k_instruct_q4,489866.50057563,20959466647.519,19821449221468.75,1278820072.9864285,7616.5
199,airplane,qwen25_7b_standard,620081.0011512601,15324000000.0,15397500000000.0,1271202625.9893785,17265.0
200,airplane,llava_7b_standard,556072.3761512601,23958873282.577454,2.090756604791219e+26,1277578824.8726904,14121.501833333334
201,airplane,qwen25_1b_standard,901524.5062632518,398039317720.2857,9667018873332268.0,1252156499.398128,14317.270484999997
202,airplane,llama31_8b_standard,525812.8420446705,20773334818.635174,31009921399176.0,1189186070.7973065,8121.868226315788
203,airplane,llama_30b_standard,1373460.8226589633,775188309270.8073,96013625438073.3,1244446811.7995112,23021.307026666665
204,frisbee,phi3mini_4k_instruct_q4,,,,,
205,frisbee,qwen25_7b_standard,,,,,
206,frisbee,llava_7b_standard,,,,,
207,frisbee,qwen25_1b_standard,,,,,
208,frisbee,llama31_8b_standard,,,,,
209,frisbee,llama_30b_standard,,,,,
210,toothbrush,phi3mini_4k_instruct_q4,0.001707866668037213,399.325,942950.0,100.9175627952634,4.232e-05
211,toothbrush,qwen25_7b_standard,0.0607342666639256,1642.5,541562.5,154.46756279526343,0.022812500000000003
212,toothbrush,llava_7b_standard,0.058418533330592236,703.091015625,6616844.886363637,33.2109543438247,0.040752678571428565
213,toothbrush,qwen25_1b_standard,0.06371464166392557,830.4632352941177,55237.475,2.419428006894646,0.8757811155974998
214,toothbrush,llama31_8b_standard,0.0014735557713836352,1331.173321,1341952.5,39.6456417426318,0.0011308157894736842
215,toothbrush,llama_30b_standard,1.3430352078314145,2436.3454800000004,540929.2894736842,98.51179359199459,0.00018802016175294332
216,carrot,phi3mini_4k_instruct_q4,,,,,
217,carrot,qwen25_7b_standard,,,,,
218,carrot,llava_7b_standard,,,,,
219,carrot,qwen25_1b_standard,,,,,
220,carrot,llama31_8b_standard,,,,,
221,carrot,llama_30b_standard,,,,,
222,chair,phi3mini_4k_instruct_q4,1.8944720103613413,121976.4375,258013861.125,10580.285905577713,0.10701939999999999
223,chair,qwen25_7b_standard,3.8452539985198095,157500.0,114625000.0,6702.041090557771,0.09737500000000003
224,chair,llava_7b_standard,7.814528246613229,81828.375,112368437.5,7349.636968525906,0.06610469868421055
225,chair,qwen25_1b_standard,3620.7970399851974,179945.77125,230345457.875,4880.26159972743,3.034340789473684
226,chair,llama31_8b_standard,12.736289985198082,84772.68421052632,80593222.22222222,11905.759649977841,0.04558333333333334
227,chair,llama_30b_standard,5.47658766814686,237497.20071908896,150515107.02,10216.434882788857,0.3358125776500001
228,clock,phi3mini_4k_instruct_q4,26.961470666557027,5902.8935,1796128.6,1051.1168868105353,0.08875000000000001
229,clock,qwen25_7b_standard,124.92937066655705,3214.9235,1101302.5,93.95251181053543,0.5667499999999999
230,clock,llava_7b_standard,227.32354311114764,3157.001875,3193265.685044,476.8556220473662,0.324928
231,clock,qwen25_1b_standard,1411.617531366557,96195.21394736842,3129071.778105263,1088.8485342749264,0.541243690059696
232,clock,llama31_8b_standard,16.836523444334798,2390.4875,5048734.375,635.8126836330865,0.04406578947368421
233,clock,llama_30b_standard,761.611477333224,1669.343852076923,1925118.041617647,224.61650838128958,7.8159294
234,scissors,phi3mini_4k_instruct_q4,0.020653763994819337,747.6,109614.75,75.81991954721113,0.00061565
235,scissors,qwen25_7b_standard,0.07898251999259905,1116.5625,890775.0,7.981955452788862,0.001034
236,scissors,llava_7b_standard,70.42291109142117,2373.934210526316,500612.58078947366,68.41417019995458,0.1417925680735294
237,scissors,qwen25_1b_standard,107.06600326999258,1778.8190789473683,127156.31875,47.36161524235557,0.32080784789910005
238,scissors,llama31_8b_standard,0.30632614299333916,6044.963305263158,4055037.5,366.8305313893164,0.007358550000000001
239,scissors,llama_30b_standard,69.44612912186628,605.446741,516769.716,2917.1897481377687,15.727753649734073
240,cake,phi3mini_4k_instruct_q4,3.4812326662280917,2062.5,2950000.0,346.7475472421417,0.0078125
241,cake,qwen25_7b_standard,2.8424826662280913,5040.0,5650900.0,389.4899527578583,0.004331250000000003
242,cake,llava_7b_standard,0.9633064851275782,6048.954926470588,8686243.271857142,478.39307775785835,0.007215099999999999
243,cake,qwen25_1b_standard,482.12270939960536,4384.675,5017173.3,293.0706486210708,0.03964263045361111
244,cake,llama31_8b_standard,0.4673894999277593,3386.1336842105266,5447455.882352941,223.92397165471502,0.003138888888888888
245,cake,llama_30b_standard,45.049874079503006,16957.28135089523,3375862729.8324656,891.4691509192861,1.7922346153846154
246,traffic light,phi3mini_4k_instruct_q4,,,,,
247,traffic light,qwen25_7b_standard,,,,,
248,traffic light,llava_7b_standard,,,,,
249,traffic light,qwen25_1b_standard,,,,,
250,traffic light,llama31_8b_standard,,,,,
251,traffic light,llama_30b_standard,,,,,
252,potted plant,phi3mini_4k_instruct_q4,0.7743643359990132,14494.5,11972250.0,478.72657260629495,6.615e-05
253,potted plant,qwen25_7b_standard,2.2368643359990132,26134.5,15432000.0,60.87657260629483,0.010081999999999999
254,potted plant,llava_7b_standard,4.695792907427584,12636.10661764706,24879727.272727273,1141.8251837174057,0.052732
255,potted plant,qwen25_1b_standard,9.840614335999014,18595.825,322177.5474,826.4515726062949,0.11038825
256,potted plant,llama31_8b_standard,3.407364335999014,27543.428571428572,18982000.0,1129.3561180608403,0.05778199999999998
257,potted plant,llama_30b_standard,44.45216702984117,27614.13676923077,19931819569.0,523.6501322091594,4.422691090909091
258,elephant,phi3mini_4k_instruct_q4,,,,,
259,elephant,qwen25_7b_standard,,,,,
260,elephant,llava_7b_standard,,,,,
261,elephant,qwen25_1b_standard,,,,,
262,elephant,llama31_8b_standard,,,,,
263,elephant,llama_30b_standard,,,,,
264,bowl,phi3mini_4k_instruct_q4,2.2533678747455923,1604.6875,8201875.0,345.5743500483064,0.009140625
265,bowl,qwen25_7b_standard,0.03888212525440795,2634.25,3007562.5,177.1383124396171,0.0035156249999999992
266,bowl,llava_7b_standard,0.8531795289048633,2919.6334375,2467636.3636363638,251.4881180354279,0.01754328409090909
267,bowl,qwen25_1b_standard,4.2908406797455925,2284.86875,4267926.8100000005,216.68193743961706,0.0020920486123750005
268,bowl,llama31_8b_standard,2.0557028223282514,1516.45703,1446354.1666666667,130.1292452341113,0.005487708333333332
269,bowl,llama_30b_standard,88.07086945813546,3762.285,4529356.071428572,547.0691736312388,28.19030436642857
270,wine glass,phi3mini_4k_instruct_q4,1.0460717050391168,29310.77,30117103.75,1730.4941100075953,0.03096447
271,wine glass,qwen25_7b_standard,1.0636908550391166,26366.01875,28025250.0,1781.2287975075953,0.019771249999999997
272,wine glass,llava_7b_standard,0.881137315220367,28047.854166666668,28698823.57142857,1763.8013936614411,0.020428900979875
273,wine glass,qwen25_1b_standard,9.136991736650355,30089.519374999996,28535377.027499996,1882.9455437575955,0.027479895312500002
274,wine glass,llama31_8b_standard,1.0880181675392668,22317.9625,27334171.25,1561.1411100075952,0.027959100000000004
275,wine glass,llama_30b_standard,83.98219221478135,29947.268558823533,226526295860.9338,1767.1126210370073,1.180239840670715
276,remote,phi3mini_4k_instruct_q4,3.3744667949991727,4676.8125,492072.36842105264,293.2687537301661,0.025108125000000002
277,remote,qwen25_7b_standard,0.3369040649990748,2347.6267500000004,395875.0,202.1452243184014,0.062920625
278,remote,llava_7b_standard,40.32632714192216,4043.2357142857145,893463.3854166666,79.93079323880104,0.8162058392857144
279,remote,qwen25_1b_standard,751.641510487499,9460.70588235294,3426556.4,136.14491181840143,0.5350031635324999
280,remote,llama31_8b_standard,60.14954739839969,3786.6949999999997,4665534.0,287.1677243184014,0.084994625
281,remote,llama_30b_standard,20.905952032499542,2910.751795479911,8365075.16,67025.47592831842,98.51748312500001
282,motorcycle,phi3mini_4k_instruct_q4,83.7763187005311,3282425.0,1643820000.0,29725.723356988176,0.5732874999999998
283,motorcycle,qwen25_7b_standard,76.71813188947901,272050.0,249000000.0,113561.38680949803,1.6974375000000002
284,motorcycle,llava_7b_standard,190.55324580035406,4463943.9321428565,15520471695.396923,129483.63974345093,2.2490178571428574
285,motorcycle,qwen25_1b_standard,13398.167780909585,3678375.8490024367,3191145150.105263,217116.3246709941,0.6679935737505263
286,motorcycle,llama31_8b_standard,45.47126551158321,1033769.8764705881,650164878.2352941,53322.393386100164,1.6691366666666672
287,motorcycle,llama_30b_standard,177.92990424066485,3990066.90382353,1690619327.4300003,581507.6921724901,1.3554594444444446
288,knife,phi3mini_4k_instruct_q4,0.001698600004111639,1631.6,586502.5,117.40077399111883,7.58225e-05
289,knife,qwen25_7b_standard,0.21543924999486044,894.0,282330.0,99.12902399111886,0.00593125
290,knife,llava_7b_standard,1.9892673749948604,1339.324342105263,2009566.8333333333,41.088371287326176,0.013927567660714287
291,knife,qwen25_1b_standard,5.147375499994861,1672.40625,90871.32631578947,18.801219192895076,0.1666763815789474
292,knife,llama31_8b_standard,0.03743070405205857,3472.156875,4056050.0,204.37271149111885,0.004578308823529412
293,knife,llama_30b_standard,244.16513977940784,18097.412624733333,1675121.4210526317,461.371802242229,31.123504920588235
294,microwave,phi3mini_4k_instruct_q4,13.506119996710686,23775.0,101194035.625,3640.087677158031,0.11627499999999999
295,microwave,qwen25_7b_standard,29.38111999671069,7350.0,28725000.0,1204.4246456839378,0.26277500000000004
296,microwave,llava_7b_standard,1.311827145676556,32096.269736842107,53727719.80284706,1643.0441939610032,0.024255864000000002
297,microwave,qwen25_1b_standard,358.24547274703957,45125.547569999995,59486201.12141176,1559.8558298944638,0.05682586557083333
298,microwave,llama31_8b_standard,9.437472628289632,34440.70692222223,13204279.375,2188.0546093160624,0.14266550000000003
299,microwave,llama_30b_standard,12.545244638262114,87282.18609375,57188234.19527778,1777.7002985613124,236.41456995812868
300,car,phi3mini_4k_instruct_q4,124.91268946713099,553905.0,834097500.0,121421.39075099742,0.7256250000000004
301,car,qwen25_7b_standard,207.11429933391372,411210000.0,518400000.0,73099.35832410232,0.8688750000000003
302,car,llava_7b_standard,223.05767857142857,200144875.0,73837227115384.61,633187.1111139084,3.324778846153846
303,car,qwen25_1b_standard,1172.026480697879,44852021.625,3884887893.4,381531.4422175569,21.865730700000004
304,car,llama31_8b_standard,169.36033596713108,88067108.17894736,728278948.0,133204.81639617874,6.616315000000002
305,car,llama_30b_standard,39148.55033844483,221342095.39642754,6677153385.9375,427523.552639443,4.623953846153846
306,laptop,phi3mini_4k_instruct_q4,0.3710777239582258,39537.775,39983993.0,1358.791219499814,0.016859400000000004
307,laptop,qwen25_7b_standard,0.13809022395822573,34376.75,30113300.0,287.644906999814,0.019648625
308,laptop,llava_7b_standard,1.1735055304326178,5922.795088235294,3925285.1292307694,98.43051309985118,0.034829071428571425
309,laptop,qwen25_1b_standard,1417.732346473958,24833.1381875,135645241.675,1471.7246292220361,0.05892673684210526
310,laptop,llama31_8b_standard,0.8953350385584257,25144.3834375,21104718.575,210.56715699981396,0.20161538421052633
311,laptop,llama_30b_standard,27.276509796887726,160472.76414631857,18932147.49647059,534.6987317998636,26.48972660544218
312,bear,phi3mini_4k_instruct_q4,145.69694974096655,1769750.0,4452275000.0,228842.16284761004,8.718499999999999
313,bear,qwen25_7b_standard,41.86180025903352,1068750.0,2434600000.0,112604.88549143395,3.0187499999999994
314,bear,llava_7b_standard,197.80772079016106,4493186.071428572,312950839062500.0,276205.7908476101,7.658455882352941
315,bear,qwen25_1b_standard,718.0947547668699,22814176.1,8720852500.0,643525.5153671977,4.178
316,bear,llama31_8b_standard,175.99703131991384,1571962.0,1200386666.6666667,264305.6086357075,2.5173999999999994
317,bear,llama_30b_standard,235.57207345421557,4874932.682666668,37153313450.77333,253591.39084761008,3.2875
318,cat,phi3mini_4k_instruct_q4,,,,,
319,cat,qwen25_7b_standard,,,,,
320,cat,llava_7b_standard,,,,,
321,cat,qwen25_1b_standard,,,,,
322,cat,llama31_8b_standard,,,,,
323,cat,llama_30b_standard,,,,,
324,tie,phi3mini_4k_instruct_q4,0.12135939385523624,79041.08899999999,31110389.0,2008.2739307273107,0.0018480712
325,tie,qwen25_7b_standard,1.7498604923190453,110867.089,8163589.0,8281.40893072731,1.2121420889999999
326,tie,llava_7b_standard,21.735971603430155,31911.88066666668,57003076533.03299,3679.499882533361,0.11375513620089286
327,tie,qwen25_1b_standard,546.452999381208,42358.84880000001,337759.3471,344.1512918384214,560.6855254223333
328,tie,llama31_8b_standard,5.199657367319045,106948.41124444445,5567274.384615385,4500.808930727309,2.6377595890000003
329,tie,llama_30b_standard,2142863.68575243,31807.968446875,7409834318.92,824.9986306662063,0.8620793455454545
330,fork,phi3mini_4k_instruct_q4,0.004349877998889859,2696.7,97992.625,128.75446575786856,0.000132485
331,fork,qwen25_7b_standard,0.09108041999876651,2051.9125,1172715.625,64.77696575786851,0.01013375
332,fork,llava_7b_standard,8.407728147271495,6237.966666666666,1287666.796875,160.01796575786852,0.027047699999999997
333,fork,qwen25_1b_standard,2.1512882065207664,1123.7199999999998,542351.8105263158,14.715598257868525,0.0021756181929025
334,fork,llama31_8b_standard,0.04599766739456495,11470.001893333334,2742176.964285714,512.5292025999737,0.025981527777777777
335,fork,llama_30b_standard,11.679911892498058,1417.3892376842105,1318700.588888889,78.05884522746791,360.2075202728824
336,TV,phi3mini_4k_instruct_q4,5.178798518697431,459080.55,154632771.8,25830.000187078884,0.3102625
337,TV,qwen25_7b_standard,282.095289197829,194324.75,620260000.0,44822.659733848595,3.6729
338,TV,llava_7b_standard,6288.074396340686,61313.333333333336,111188960.96153846,24571.59370284155,0.21752692307692306
339,TV,qwen25_1b_standard,7494.066289197828,76396.79,57236373.213,20720.11548121702,186.49484024999998
340,TV,llama31_8b_standard,785.6359516978289,450340.33684210526,401256350.21,65146.06528940416,10.1086584
341,TV,llama_30b_standard,7705.523539197829,158992.73444444442,396209566.6666667,41175.969800386454,10.703646666666666
342,pizza,phi3mini_4k_instruct_q4,5.19804199987665,9846.531260293277,40095600.0,2064.7528257868526,0.021643749999999996
343,pizza,qwen25_7b_standard,0.04227050012334925,1145.73125,2092500.0,93.31794547211143,0.00491125
344,pizza,llava_7b_standard,13.278316470479396,14005.96875,56637536.44444445,1461.0209478342185,0.04182071428571429
345,pizza,qwen25_1b_standard,1419.1356419998765,75411.79475,341854231.25,2155.0215757868527,584.94841782772
346,pizza,llama31_8b_standard,0.200935,23886.933333333334,21302400.0,1935.9597336815893,0.0163475
347,pizza,llama_30b_standard,569.7412562455166,17895.553571428572,51874719285.333336,1825.2410202312967,471.9050748000647
348,donut,phi3mini_4k_instruct_q4,0.007605764013321717,89.0625,238783.75,5.395763870513962,0.00021237500000000003
349,donut,qwen25_7b_standard,0.003656464013321717,192.2,223725.6375,11.110019815019944,0.00017780000000000004
350,donut,llava_7b_standard,0.05999537386400234,244.79747794117648,175067.11000000002,10.176426065019946,0.0032684373853571432
351,donut,qwen25_1b_standard,0.5614836747483664,103.96437499999999,240581.30555555556,7.535822407509973,0.003455688163489473
352,donut,llama31_8b_standard,0.00441225137473134,211.24471578947373,105658.48000000001,11.375844147984045,0.0009257750000000002
353,donut,llama_30b_standard,18.29298652661157,891.1800935999999,207172.82272727272,44.60104166666667,0.03974617074365704
354,toilet,phi3mini_4k_instruct_q4,13.002781594473953,45198.96,28789200.0,1778.0964523745085,0.11364150000000003
355,toilet,qwen25_7b_standard,35.927781594473956,273900.0,260600000.0,7576.506595250983,1.5450750000000002
356,toilet,llava_7b_standard,33.447730395478686,805737.1360294118,212140049.75,21739.368364671827,0.4638562499999999
357,toilet,qwen25_1b_standard,335.4201427055851,4079685.327631579,290503863.15789473,6119.568659525098,0.61138299574375
358,toilet,llama31_8b_standard,25.094531594473956,177144.37777777776,93946138.8888889,6539.595056789442,0.5920500000000001
359,toilet,llama_30b_standard,11.12402631889479,87099.108894,3226340049.7019615,4462.688952374508,1.1051579000000002
360,truck,phi3mini_4k_instruct_q4,569.9080032070818,66341250.0,3675000000.0,2304512.1661575986,6.84375
361,truck,qwen25_7b_standard,173.65466631032422,14301165000.0,21049625000.0,1245864.966157599,42.55
362,truck,llava_7b_standard,949.1703507856465,1806887480.2083333,1857794318181.818,3274202.499490932,34.140875
363,truck,qwen25_1b_standard,4728319.147014173,38623856985.26316,1021733739960.0,338550726916.6338,52.896968421052634
364,truck,llama31_8b_standard,1028.0437316335997,136894529.57142857,39638169661.76471,2309608.8296870105,15.473160000000004
365,truck,llama_30b_standard,2692.971569675517,2372314836.067064,1003427361249.9113,3738517.495275246,5154.863122222221
366,person,phi3mini_4k_instruct_q4,,,,,
367,person,qwen25_7b_standard,,,,,
368,person,llava_7b_standard,,,,,
369,person,qwen25_1b_standard,,,,,
370,person,llama31_8b_standard,,,,,
371,person,llama_30b_standard,,,,,
372,sheep,phi3mini_4k_instruct_q4,67.41784999897212,958785.0,45049675.0,33504.35979822377,1.0504
373,sheep,qwen25_7b_standard,96.80284999897209,1726500.0,3120000000.0,73505.40479822378,2.4652499999999997
374,sheep,llava_7b_standard,38.97284999897209,360670.625,26049536696.42857,24192.569504106123,0.7905808823529411
375,sheep,qwen25_1b_standard,134.77140263055105,1134179.4425000001,12993602.68,18260.36029822377,0.7247319444444444
376,sheep,llama31_8b_standard,37.534349998972075,716995.0,742243750.0,27201.234131557107,1.6325294117647058
377,sheep,llama_30b_standard,1207.081016665639,350879.92000000004,133850269.43985374,35958.61396250604,1.4875158753804227
378,bus,phi3mini_4k_instruct_q4,10008.749996821682,324492153.03499997,69662499910.0,483367.026507863,104.56874991
379,bus,qwen25_7b_standard,3199.99999682168,18729999999.909996,217979999910.0,8951039.99450786,92.90999991000001
380,bus,llava_7b_standard,2886.3999971748262,6188932848.9484625,43832902433910.0,785198.2195078628,55.674999925
381,bus,qwen25_1b_standard,5623065516.039462,32603233157.804745,2329208083302.0,1130673392734.7314,73.21024991000002
382,bus,llama31_8b_standard,5192.763154716417,1215791156842.0151,982506576380.5883,808050.4127978629,122.44049991
383,bus,llama_30b_standard,15474.832938372076,564257780776.7101,6910121324760.708,349792.4602221488,217.03852992
384,backpack,phi3mini_4k_instruct_q4,,,,,
385,backpack,qwen25_7b_standard,,,,,
386,backpack,llava_7b_standard,,,,,
387,backpack,qwen25_1b_standard,,,,,
388,backpack,llama31_8b_standard,,,,,
389,backpack,llama_30b_standard,,,,,
390,giraffe,phi3mini_4k_instruct_q4,,,,,
391,giraffe,qwen25_7b_standard,,,,,
392,giraffe,llava_7b_standard,,,,,
393,giraffe,qwen25_1b_standard,,,,,
394,giraffe,llama31_8b_standard,,,,,
395,giraffe,llama_30b_standard,,,,,
396,hot dog,phi3mini_4k_instruct_q4,0.004224277503957455,1235.175,878625.0,87.55219694632304,0.0006528974999999999
397,hot dog,qwen25_7b_standard,0.00445480500791491,451.87974999999994,55923.9,4.163598473161512,0.0005458957500000001
398,hot dog,llava_7b_standard,3.886662808628449,2146.844285714286,1586386.4285714286,146.93594495762346,0.015778625
399,hot dog,qwen25_1b_standard,28.984901444992083,9237.9125,40746376.0,80.23264139076747,5.453514225
400,hot dog,llama31_8b_standard,0.0038492338606238366,1442.2089999999998,758919.5588235294,70.72749694632303,0.0006803644999999999
401,hot dog,llama_30b_standard,19.973291464079505,2606.9748195660004,8641322062.938326,48.825102251690716,14.690891602799997
402,train,phi3mini_4k_instruct_q4,293884.6100148019,382455990000.0,4089826500000.0,139504196.62704402,1487.83125
403,train,qwen25_7b_standard,75417.10014801916,37884525000.0,2432005000000.0,155780208.25577718,486.53999999999996
404,train,llava_7b_standard,70961.33088815381,2651040296.875,2478609300000.0,164705613.5557772,2406.7911458333333
405,train,qwen25_1b_standard,861980.9716167826,1342491834644.968,2.9913805306353816e+16,184917824184.9562,2358.058035
406,train,llama31_8b_standard,405158.56838564365,2822569098512.5176,55591768817750.0,149044278.08859357,7238.95375
407,train,llama_30b_standard,108435.96027400957,2452934133.0109262,2675414450127.3076,1291801189.3823044,74029.6065111111
408,mouse,phi3mini_4k_instruct_q4,0.005644201957867936,142.07375,99546.875,12.582903456653371,0.00017196574999999998
409,mouse,qwen25_7b_standard,0.0062805079970396195,42.6,208400.0,16.99072606294819,0.0045214375
410,mouse,llava_7b_standard,1.7105480924067988,124.24620454545453,991692.835,7.220806335023551,0.0009266363326285714
411,mouse,qwen25_1b_standard,0.5580563642027357,146.40013157894737,178875.19039473686,10.182325812051811,0.29154528749999997
412,mouse,llama31_8b_standard,0.003311473236808968,1005.8995140000001,1269954.2705882355,22.43218174053259,0.0007556836842105264
413,mouse,llama_30b_standard,9.715384507620152,1831.7682846330645,147020.5795,238.04475488498633,0.005295493650730387
414,orange,phi3mini_4k_instruct_q4,0.07805310693145295,34.69720000000001,27714.75,10.369063465304091,0.0009739199999999999
415,orange,qwen25_7b_standard,0.09913706931452942,0.0,138420.0,5.168855775506816,0.0033695
416,orange,llava_7b_standard,27.27538706931453,641.9261363636364,232941.29807692306,13.707173078716234,0.0820516
417,orange,qwen25_1b_standard,10.128368944314529,288.50986842105266,327695.17209999997,9.570902879594552,0.021866874504543127
418,orange,llama31_8b_standard,0.010018831385470581,44.129000000000005,55915.987368421054,1.0983432673479547,5.308e-05
419,orange,llama_30b_standard,18.408476364351284,1007.3552222222222,241125.92190184208,20.802704061223736,4.977916876083971
420,cell phone,phi3mini_4k_instruct_q4,0.00479066147344184,1625.9629,2106744.5,4.974276003957513,7.471995e-05
421,cell phone,qwen25_7b_standard,0.12203356799539493,1139.34375,667231.25,30.615255496042494,0.00488475
422,cell phone,llava_7b_standard,71.3396340541764,5558.85219698421,1461779.49514,39.759386895601466,27.161193888888885
423,cell phone,qwen25_1b_standard,77.75357643898471,28432.1761,912310.9262499999,11.202105476187253,887.942521263158
424,cell phone,llama31_8b_standard,12.458876534832122,3128.54705,2698049.467058824,157.93631118025303,0.21660135059999996
425,cell phone,llama_30b_standard,130.63621598769802,201546.10138008336,368497.3393228833,288.7908812264382,848561.2709058705
426,parking meter,phi3mini_4k_instruct_q4,,,,,
427,parking meter,qwen25_7b_standard,,,,,
428,parking meter,llava_7b_standard,,,,,
429,parking meter,qwen25_1b_standard,,,,,
430,parking meter,llama31_8b_standard,,,,,
431,parking meter,llama_30b_standard,,,,,
432,refrigerator,phi3mini_4k_instruct_q4,56.55,865212.9546239997,1359676074.624,51660.90000000008,2.058437045375999
433,refrigerator,qwen25_7b_standard,12.525,683140.7046239997,578531659.1616,57240.00000000007,2.1214370453759996
434,refrigerator,llava_7b_standard,136.272125,838413.529462588,2593711368.2368,43746.55833333337,0.6233543788245335
435,refrigerator,qwen25_1b_standard,11164.363125,19151272.397688,1424398916.230737,91603.54741400006,185296.72545539535
436,refrigerator,llama31_8b_standard,311.29061875,589621.6818597645,2660317795.331765,31911.413022000015,1.4658218181504
437,refrigerator,llama_30b_standard,46.27805882352942,3146175.174889412,1185053348.5546668,88224.05437500007,1.9885820454776473
438,boat,phi3mini_4k_instruct_q4,1243.238004440575,134980815.225,133989685576.69876,8133219.85878886,52.125
439,boat,qwen25_7b_standard,4257.055007400957,132465785.625,123837500000.0,8098075.45278886,115.5
440,boat,llava_7b_standard,3765.631793115242,130129236.07142857,1172475748712500.0,8223270.82778886,97.953125
441,boat,qwen25_1b_standard,1595.4519746707665,11433880000.0,5519873684210.526,7333061.502509974,165.85125
442,boat,llama31_8b_standard,2183.8765059207667,113291129.41176471,120111526315.78947,8144338.45278886,93.52210526315788
443,boat,llama_30b_standard,5672.691396836026,134896547.27561155,260920543625.84583,8414879.911632165,201.64233560000002
444,book,phi3mini_4k_instruct_q4,,,,,
445,book,qwen25_7b_standard,,,,,
446,book,llava_7b_standard,,,,,
447,book,qwen25_1b_standard,,,,,
448,book,llama31_8b_standard,,,,,
449,book,llama_30b_standard,,,,,
450,toaster,phi3mini_4k_instruct_q4,8.374529999177673,10245.0,10773750.0,981.1875885790159,0.032924999999999996
451,toaster,qwen25_7b_standard,0.6262239993421369,7686.325,7012500.0,531.5061614209844,0.07813125
452,toaster,llava_7b_standard,1.4327100000000002,6244.992647058823,4996051461.607142,618.5917063849877,0.04614244234374999
453,toaster,qwen25_1b_standard,331.0076549991776,10693.49875,11479519.368421054,299.49375,0.010796125
454,toaster,llama31_8b_standard,0.39060325008223284,1961.80275,4940171.052631579,207.57366037953375,0.022378749999999996
455,toaster,llama_30b_standard,46.42790499917767,50002.506664540815,7494554.945454546,609.5353871403281,0.0799832
456,sandwich,phi3mini_4k_instruct_q4,0.0540545839894742,3040.5,2926625.0,356.4836028345285,0.0003707
457,sandwich,qwen25_7b_standard,0.2017989599736855,1092.5,1345560.0,4.3021102834528495,0.0019756875
458,sandwich,llava_7b_standard,25.11713229330701,1291.5972222222222,23956755.35714286,73.15286761150949,0.009010461538461538
459,sandwich,qwen25_1b_standard,32.385832709973684,1701.905625,4131721.4347825884,28.025553377507496,9.492458888888889
460,sandwich,llama31_8b_standard,0.041802753660665964,4089.058,2822129.411764706,347.27318616786187,0.009361250000000002
461,sandwich,llama_30b_standard,65.38004895997369,5257.810117647059,972455670.0,109.51500000000001,5.5234429275
462,cow,phi3mini_4k_instruct_q4,186.2838818894791,722620.0,1698795000.0,38515.08128548227,7.178750000000001
463,cow,qwen25_7b_standard,172.15263188947907,684000.0,4760250000.0,70473.19233351378,10.340250000000001
464,cow,llava_7b_standard,85.74431870053114,907966.3076923077,829451441.6666666,52980.91175448094,2.959567307692308
465,cow,qwen25_1b_standard,2167.2044922430987,28409250.94105263,1667108250.0,338920.8812379922,1708.3856630999999
466,cow,llama31_8b_standard,144.40721870053113,3801472.6315789474,1796300700.0,58367.41979975654,4.3905
467,cow,llama_30b_standard,3607.4985789191387,8922306.9,35324187316.32,84926.92065104017,2.556428571428572
468,oven,phi3mini_4k_instruct_q4,11.976187976686976,280102.5,330223725.0,8398.144409761013,0.3828125000000001
469,oven,qwen25_7b_standard,10.31381997409664,368296.5,322675000.0,27201.119084761012,0.16424999999999998
470,oven,llava_7b_standard,22.47998938471376,291305.73529411765,1858184722.2222223,13525.046251259719,0.22697972222222232
471,oven,qwen25_1b_standard,1033.5559252372545,974331.01875,374918685.0,26119.26908476101,1.225105263157895
472,oven,llama31_8b_standard,18.956056887951682,251940.84210526315,312189705.88235295,8678.519014285012,0.11791874999999993
473,oven,llama_30b_standard,43.33809874352416,397688.83005294116,32831603541.17647,19607.076227618152,2.956160871267378
474,skis,phi3mini_4k_instruct_q4,,,,,
475,skis,qwen25_7b_standard,,,,,
476,skis,llava_7b_standard,,,,,
477,skis,qwen25_1b_standard,,,,,
478,skis,llama31_8b_standard,,,,,
479,skis,llama_30b_standard,,,,,
