model,definition,emotion,activity_mean,activity_std,activity_cv,activity_shapiro_p,activity_entropy,arousal_mean,arousal_std,arousal_cv,arousal_shapiro_p,arousal_entropy,valence_mean,valence_std,valence_cv,valence_shapiro_p,valence_entropy,dominance_mean,dominance_std,dominance_cv,dominance_shapiro_p,dominance_entropy
groq_llama-4-maverick-17b-128e-instruct,cambridge,acceptance,0.4025,0.01561249499599599,0.0387888074434683,6.639886716141931e-14,0.11690685126925716,0.4,0.0,0.0,1.0,2.3695592492877317e-09,0.5,0.0,0.0,1.0,2.369559249287735e-09,0.20000000000000004,2.7755575615628914e-17,1.3877787807814454e-16,1.0,2.369559249287734e-09
groq_llama-4-maverick-17b-128e-instruct,cambridge,admiration,0.6849999999999999,0.03570714214271425,0.052127214806882115,2.642038350103791e-11,0.42270908989059086,0.6,0.0,0.0,1.0,2.369559249287735e-09,0.78,0.04000000000000003,0.051282051282051315,2.888758348213648e-07,0.5004024256127483,0.20000000000000004,2.7755575615628914e-17,1.3877787807814454e-16,1.0,2.369559249287734e-09
groq_llama-4-maverick-17b-128e-instruct,cambridge,aggressiveness,0.7825,0.03799671038392669,0.048558096337286506,6.158415075171373e-11,0.4637264418986659,0.7924999999999999,0.026339134382131868,0.03323550079764274,1.1923177269210008e-12,0.26638446537423915,-0.8000000000000002,1.1102230246251565e-16,-1.3877787807814454e-16,1.0,,0.6999999999999998,1.1102230246251565e-16,1.5860328923216525e-16,1.0,2.3695592492877317e-09
groq_llama-4-maverick-17b-128e-instruct,cambridge,amazement,0.8,0.0,0.0,1.0,2.3695592492877317e-09,0.8,0.0,0.0,1.0,2.3695592492877317e-09,0.7249999999999999,0.043301270189221974,0.05972588991616825,8.080369646994802e-07,0.5623351466855895,-0.5,0.0,-0.0,1.0,
groq_llama-4-maverick-17b-128e-instruct,cambridge,anger,0.8,0.0,0.0,1.0,2.3695592492877317e-09,0.8,0.0,0.0,1.0,2.3695592492877317e-09,-0.8000000000000002,1.1102230246251565e-16,-1.3877787807814454e-16,1.0,,0.175,0.1479019945774904,0.8451542547285166,9.674457732255583e-07,2.369559249287734e-09
groq_llama-4-maverick-17b-128e-instruct,cambridge,annoyance,0.675,0.04330127018922192,0.0641500299099584,5.089946694027547e-10,0.5623351466855894,0.6074999999999999,0.02633913438213184,0.04335659980597834,1.1923177269210222e-12,0.2663844653742394,-0.7299999999999999,0.04582575694955844,-0.06277500951994308,1.857046814412901e-06,,-0.49000000000000005,0.04358898943540673,-0.08895712129674843,2.6930778843226267e-09,
groq_llama-4-maverick-17b-128e-instruct,cambridge,anticipation,0.7,0.0,0.0,1.0,2.3695592492877317e-09,0.7,0.0,0.0,1.0,2.3695592492877317e-09,0.6999999999999998,1.1102230246251565e-16,1.5860328923216525e-16,1.0,2.3695592492877317e-09,0.20000000000000004,2.7755575615628914e-17,1.3877787807814454e-16,1.0,2.369559249287734e-09
groq_llama-4-maverick-17b-128e-instruct,cambridge,apprehension,0.6975,0.015612494995995992,0.022383505370603574,6.639886716141931e-14,0.11690685126925718,0.7,0.0,0.0,1.0,2.3695592492877317e-09,-0.78,0.040000000000000036,-0.05128205128205133,2.888758348213648e-07,,-0.5,0.0,-0.0,1.0,
groq_llama-4-maverick-17b-128e-instruct,cambridge,awe,0.7975,0.015612494995996012,0.01957679623322384,6.639886716141931e-14,0.11690685126925723,0.7975,0.01561249499599601,0.019576796233223837,6.639886716141931e-14,0.11690685126925723,0.51,0.04358898943540673,0.08546860673609163,2.6930778843226267e-09,0.19851524546276636,-0.25000000000000006,0.10723805294763607,-0.42895221179054416,2.639967215693841e-07,
groq_llama-4-maverick-17b-128e-instruct,cambridge,boredom,0.2,0.0,0.0,1.0,2.369559249287734e-09,0.205,0.021794494717703363,0.1063146083790408,3.2512410563000524e-13,2.369559249287734e-09,-0.6599999999999998,0.07999999999999999,-0.12121212121212123,2.888758348213648e-07,,-0.5,0.0,-0.0,1.0,
groq_llama-4-maverick-17b-128e-instruct,cambridge,contempt,0.7825,0.03799671038392669,0.048558096337286506,6.158415075171373e-11,0.4637264418986659,0.705,0.021794494717703387,0.030914176904543813,3.2512410563000524e-13,0.19851524546276622,-0.8000000000000002,1.1102230246251565e-16,-1.3877787807814454e-16,1.0,,0.6199999999999999,0.0979795897113271,0.15803159630859212,5.604097524839088e-06,0.6730116690625013
groq_llama-4-maverick-17b-128e-instruct,cambridge,disappointment,0.5974999999999999,0.0651440711039769,0.1090277340652333,1.1988054194443003e-09,0.6327150729984322,0.40750000000000003,0.02633913438213184,0.06463591259418856,1.1923177269210222e-12,0.266384465374239,-0.735,0.047696960070847325,-0.06489382322564262,3.537656994296956e-06,,-0.5,0.0,-0.0,1.0,
groq_llama-4-maverick-17b-128e-instruct,cambridge,disgust,0.795,0.021794494717703387,0.027414458764406777,3.2512410563000524e-13,0.19851524546276622,0.725,0.04330127018922197,0.059725889916168236,5.089946694027547e-10,0.5623351466855895,-0.8000000000000002,1.1102230246251565e-16,-1.3877787807814454e-16,1.0,,-0.4800000000000001,0.06000000000000001,-0.125,1.8460159581573863e-08,
groq_llama-4-maverick-17b-128e-instruct,cambridge,distraction,0.3975000000000001,0.05695392874947258,0.1432803238980442,1.0625671450078229e-11,0.43932046605901864,0.3875,0.03307189138830739,0.08534681648595456,1.0431513221754101e-11,0.3767701633471643,-0.6399999999999999,0.0916515138991168,-0.14320549046737002,1.857046814412901e-06,,-0.5,0.0,-0.0,1.0,
groq_llama-4-maverick-17b-128e-instruct,cambridge,ecstasy,0.8149999999999998,0.03570714214271424,0.04381244434688865,2.642038350103791e-11,0.42270908989059125,0.8025,0.01561249499599599,0.019454822424917122,6.639886716141931e-14,0.11690685126925723,0.9199999999999999,0.039999999999999994,0.043478260869565216,2.888758348213648e-07,2.3695592492877317e-09,0.5599999999999999,0.09165151389911678,0.16366341767699427,1.857046814412901e-06,0.6108643041156886
groq_llama-4-maverick-17b-128e-instruct,cambridge,fear,0.7,0.0,0.0,1.0,2.3695592492877317e-09,0.73,0.04582575694955844,0.06277500951994307,1.5107248311765955e-09,0.6108643041156884,-0.8000000000000002,1.1102230246251565e-16,-1.3877787807814454e-16,1.0,,-0.51,0.04358898943540673,-0.08546860673609163,2.6930778843226267e-09,
groq_llama-4-maverick-17b-128e-instruct,cambridge,grief,0.7925,0.02633913438213187,0.03323550079764274,1.1923177269210008e-12,0.26638446537423915,0.7,0.0,0.0,1.0,2.3695592492877317e-09,-0.875,0.043301270189221926,-0.04948716593053935,8.080369646994802e-07,,-0.7099999999999997,0.03000000000000003,-0.04225352112676062,1.8460159581573965e-08,
groq_llama-4-maverick-17b-128e-instruct,cambridge,interest,0.7,0.0,0.0,1.0,2.3695592492877317e-09,0.6674999999999999,0.046837484987987975,0.07016851683593706,2.375754513428789e-09,0.6305810304444012,0.53,0.07141428428542848,0.134743932614016,8.316866210129778e-08,0.4227090898905914,0.20000000000000004,2.7755575615628914e-17,1.3877787807814454e-16,1.0,2.369559249287734e-09
groq_llama-4-maverick-17b-128e-instruct,cambridge,joy,0.8,0.0,0.0,1.0,2.3695592492877317e-09,0.7925,0.02633913438213187,0.03323550079764274,1.1923177269210008e-12,0.26638446537423915,0.8300000000000001,0.04582575694955839,0.055211755360913724,1.857046814412901e-06,0.6108643041156884,0.385,0.14239030865898142,0.3698449575557959,9.96476430012443e-06,0.6730116690625014
groq_llama-4-maverick-17b-128e-instruct,cambridge,loathing,0.8,0.0,0.0,1.0,2.3695592492877317e-09,0.7725,0.04465142774872942,0.05780120096922903,9.042305351251569e-10,0.5881687794177743,-0.86,0.04898979485566356,-0.056964877739143674,5.604097524839109e-06,,-0.3,0.3301514803843836,-1.100504934614612,9.399203616340049e-06,2.369559249287734e-09
groq_llama-4-maverick-17b-128e-instruct,cambridge,love,0.8,0.0,0.0,1.0,2.3695592492877317e-09,0.7925,0.02633913438213187,0.03323550079764274,1.1923177269210008e-12,0.26638446537423915,0.8000000000000002,1.1102230246251565e-16,1.3877787807814454e-16,1.0,2.3695592492877317e-09,0.20000000000000004,2.7755575615628914e-17,1.3877787807814454e-16,1.0,2.369559249287734e-09
groq_llama-4-maverick-17b-128e-instruct,cambridge,optimism,0.7,0.0,0.0,1.0,2.3695592492877317e-09,0.6475,0.049937460888595436,0.07712349171983851,1.0157361838406734e-08,0.6918966612560533,0.8000000000000002,1.1102230246251565e-16,1.3877787807814454e-16,1.0,2.3695592492877317e-09,0.5,0.0,0.0,1.0,2.369559249287735e-09
groq_llama-4-maverick-17b-128e-instruct,cambridge,pensiveness,0.205,0.021794494717703363,0.1063146083790408,3.2512410563000524e-13,2.369559249287734e-09,0.3,0.0,0.0,1.0,2.369559249287734e-09,-0.20000000000000004,2.7755575615628914e-17,-1.3877787807814454e-16,1.0,,0.20000000000000004,2.7755575615628914e-17,1.3877787807814454e-16,1.0,2.369559249287734e-09
groq_llama-4-maverick-17b-128e-instruct,cambridge,rage,0.885,0.03570714214271425,0.04034705326860367,2.642038350103791e-11,0.42270908989059125,0.9,0.0,0.0,1.0,2.3695592492877317e-09,-0.8999999999999998,2.220446049250313e-16,-2.467162276944793e-16,1.0,,-0.765,0.047696960070847325,-0.06234896741287232,3.5376569942969156e-06,
groq_llama-4-maverick-17b-128e-instruct,cambridge,remorse,0.7,0.0,0.0,1.0,2.3695592492877317e-09,0.605,0.021794494717703363,0.03602395821107994,3.2512410563000524e-13,0.19851524546276636,-0.8000000000000002,1.1102230246251565e-16,-1.3877787807814454e-16,1.0,,-0.47000000000000003,0.07141428428542851,-0.15194528571367766,8.316866210129778e-08,
groq_llama-4-maverick-17b-128e-instruct,cambridge,sadness,0.40499999999999997,0.03122498999199198,0.07709874072096785,6.639886716141931e-14,0.11690685126925716,0.39,0.030000000000000006,0.07692307692307694,3.74069954624535e-12,0.32508297548929416,-0.8000000000000002,1.1102230246251565e-16,-1.3877787807814454e-16,1.0,,-0.5,0.0,-0.0,1.0,
groq_llama-4-maverick-17b-128e-instruct,cambridge,serenity,0.2,0.0,0.0,1.0,2.369559249287734e-09,0.2,0.0,0.0,1.0,2.369559249287734e-09,0.8000000000000002,1.1102230246251565e-16,1.3877787807814454e-16,1.0,2.3695592492877317e-09,0.20000000000000004,2.7755575615628914e-17,1.3877787807814454e-16,1.0,2.369559249287734e-09
groq_llama-4-maverick-17b-128e-instruct,cambridge,submission,0.39,0.030000000000000006,0.07692307692307694,3.74069954624535e-12,0.32508297548929416,0.33,0.04582575694955841,0.138865930150177,1.5107248311765955e-09,0.6108643041156886,-0.5,0.0,-0.0,1.0,,-0.52,0.059999999999999984,-0.11538461538461535,1.8460159581573965e-08,
groq_llama-4-maverick-17b-128e-instruct,cambridge,surprise,0.7925000000000001,0.02633913438213187,0.03323550079764274,1.1923177269210008e-12,0.26638446537423915,0.8,0.0,0.0,1.0,2.3695592492877317e-09,0.19000000000000003,0.04358898943540674,0.22941573387056174,2.6930778843226267e-09,0.19851524546276628,-0.4600000000000001,0.08,-0.17391304347826084,2.888758348213648e-07,
groq_llama-4-maverick-17b-128e-instruct,cambridge,terror,0.8825,0.03799671038392665,0.04305576247470442,6.158415075171373e-11,0.46372644189866585,0.8850000000000001,0.03570714214271424,0.040347053268603654,2.642038350103791e-11,0.42270908989059125,-0.8999999999999998,2.220446049250313e-16,-2.467162276944793e-16,1.0,,-0.8000000000000002,1.1102230246251565e-16,-1.3877787807814454e-16,1.0,
groq_llama-4-maverick-17b-128e-instruct,cambridge,trust,0.3,0.0,0.0,1.0,2.369559249287734e-09,0.27,0.04582575694955839,0.16972502573910514,1.5107248311765843e-09,2.369559249287734e-09,0.775,0.043301270189221974,0.05587260669577029,8.080369646994848e-07,0.5623351466855895,0.20000000000000004,2.7755575615628914e-17,1.3877787807814454e-16,1.0,2.369559249287734e-09
groq_llama-4-maverick-17b-128e-instruct,cambridge,vigilance,0.72,0.040000000000000036,0.05555555555555561,1.3323781947503024e-10,0.5004024256127483,0.7175,0.03799671038392669,0.052957087643103404,6.15841507517124e-11,0.4637264418986659,-0.35,0.10246950765959599,-0.29277002188455997,9.510915387511773e-05,,0.5,0.0,0.0,1.0,2.369559249287735e-09
groq_llama-4-maverick-17b-128e-instruct,sentiwordnet,acceptance,0.32999999999999996,0.04582575694955841,0.13886593015017704,1.5107248311765955e-09,0.6108643041156886,0.2475,0.049937460888595436,0.20176751874179974,1.0157361838406734e-08,2.369559249287734e-09,0.7149999999999999,0.03570714214271428,0.04994005894085914,8.316866210129778e-08,0.42270908989059125,0.20000000000000004,2.7755575615628914e-17,1.3877787807814454e-16,1.0,2.369559249287734e-09
groq_llama-4-maverick-17b-128e-instruct,sentiwordnet,admiration,0.7,0.0,0.0,1.0,2.3695592492877317e-09,0.695,0.021794494717703363,0.03135898520532858,3.2512410563000524e-13,0.19851524546276614,0.8000000000000002,1.1102230246251565e-16,1.3877787807814454e-16,1.0,2.3695592492877317e-09,0.20000000000000004,2.7755575615628914e-17,1.3877787807814454e-16,1.0,2.369559249287734e-09
groq_llama-4-maverick-17b-128e-instruct,sentiwordnet,aggressiveness,0.8,0.0,0.0,1.0,2.3695592492877317e-09,0.8,0.0,0.0,1.0,2.3695592492877317e-09,-0.8000000000000002,1.1102230246251565e-16,-1.3877787807814454e-16,1.0,,0.765,0.047696960070847325,0.06234896741287232,3.537656994296956e-06,0.6474466410909688
groq_llama-4-maverick-17b-128e-instruct,sentiwordnet,amazement,0.8,0.0,0.0,1.0,2.3695592492877317e-09,0.8,0.0,0.0,1.0,2.3695592492877317e-09,0.6999999999999998,1.1102230246251565e-16,1.5860328923216525e-16,1.0,2.3695592492877317e-09,-0.38,0.12489995996796797,-0.3286841051788631,0.00017396636746569598,
groq_llama-4-maverick-17b-128e-instruct,sentiwordnet,anger,0.8,0.0,0.0,1.0,2.3695592492877317e-09,0.8,0.0,0.0,1.0,2.3695592492877317e-09,-0.8000000000000002,1.1102230246251565e-16,-1.3877787807814454e-16,1.0,,-0.43,0.10999999999999999,-0.25581395348837205,0.00019356097901863825,
groq_llama-4-maverick-17b-128e-instruct,sentiwordnet,annoyance,0.6125,0.03307189138830737,0.05399492471560387,1.0431513221754101e-11,0.37677016334716457,0.6674999999999999,0.046837484987987975,0.07016851683593706,2.375754513428789e-09,0.6305810304444012,-0.76,0.048989794855663606,-0.06446025638903106,5.604097524839109e-06,,-0.45000000000000007,0.0806225774829855,-0.1791612832955233,3.91925090646512e-06,
groq_llama-4-maverick-17b-128e-instruct,sentiwordnet,anticipation,0.7,0.0,0.0,1.0,2.3695592492877317e-09,0.7,0.0,0.0,1.0,2.3695592492877317e-09,0.6099999999999999,0.09949874371066199,0.16311269460764263,7.386868549816344e-06,0.6881388157650129,0.5199999999999999,0.05999999999999999,0.11538461538461539,1.8460159581573863e-08,0.32508297548929455
groq_llama-4-maverick-17b-128e-instruct,sentiwordnet,apprehension,0.7224999999999999,0.041758232721225204,0.05779686189788956,2.690555884613726e-10,0.5331638428077226,0.7,0.0,0.0,1.0,2.3695592492877317e-09,-0.7499999999999999,0.05000000000000005,-0.06666666666666675,8.099750290870789e-06,,-0.6999999999999998,1.1102230246251565e-16,-1.5860328923216525e-16,1.0,
groq_llama-4-maverick-17b-128e-instruct,sentiwordnet,awe,0.8,0.0,0.0,1.0,2.3695592492877317e-09,0.8,0.0,0.0,1.0,2.3695592492877317e-09,0.7650000000000001,0.04769696007084733,0.06234896741287232,3.537656994296956e-06,0.6474466410909688,-0.51,0.04358898943540673,-0.08546860673609163,2.6930778843226267e-09,
groq_llama-4-maverick-17b-128e-instruct,sentiwordnet,boredom,0.2,0.0,0.0,1.0,2.369559249287734e-09,0.2,0.0,0.0,1.0,2.369559249287734e-09,-0.6999999999999998,1.1102230246251565e-16,-1.5860328923216525e-16,1.0,,-0.5,0.0,-0.0,1.0,
groq_llama-4-maverick-17b-128e-instruct,sentiwordnet,contempt,0.7975,0.015612494995996009,0.019576796233223837,6.639886716141931e-14,0.11690685126925723,0.7,0.0,0.0,1.0,2.3695592492877317e-09,-0.8000000000000002,1.1102230246251565e-16,-1.3877787807814454e-16,1.0,,0.6899999999999998,0.043588989435406726,0.06317244845711122,2.6930778843226267e-09,0.19851524546276614
groq_llama-4-maverick-17b-128e-instruct,sentiwordnet,disappointment,0.6,0.038729833462074155,0.06454972243679026,2.9962060479714376e-12,0.3141230277692356,0.48250000000000004,0.09188987974744552,0.19044534662683008,9.838301519584457e-08,0.6918966612560532,-0.7249999999999999,0.04330127018922197,-0.05972588991616824,8.080369646994848e-07,,-0.51,0.04358898943540673,-0.08546860673609163,2.6930778843226267e-09,
groq_llama-4-maverick-17b-128e-instruct,sentiwordnet,disgust,0.7725,0.04465142774872942,0.05780120096922903,9.042305351251569e-10,0.5881687794177743,0.7025,0.015612494995996012,0.022224192165118877,6.639886716141931e-14,0.11690685126925723,-0.805,0.021794494717703367,-0.027073906481619087,2.6930778843226267e-09,,-0.47000000000000003,0.07141428428542851,-0.15194528571367766,8.316866210129778e-08,
groq_llama-4-maverick-17b-128e-instruct,sentiwordnet,distraction,0.77,0.04582575694955844,0.05951397006436161,1.5107248311765843e-09,0.6108643041156884,0.7749999999999999,0.043301270189221974,0.055872606695770294,5.089946694027547e-10,0.5623351466855895,-0.7700000000000001,0.04582575694955845,-0.05951397006436161,1.8570468144128838e-06,,-0.5349999999999999,0.08529361054615991,-0.15942730943207464,1.294314066626642e-07,
groq_llama-4-maverick-17b-128e-instruct,sentiwordnet,ecstasy,0.8,0.0,0.0,1.0,2.3695592492877317e-09,0.8,0.0,0.0,1.0,2.3695592492877317e-09,0.8899999999999999,0.029999999999999995,0.033707865168539325,1.8460159581573965e-08,0.3250829754892942,-0.35500000000000004,0.30573681492420896,-0.8612304645752364,2.0495789956320554e-05,0.5004024256127485
groq_llama-4-maverick-17b-128e-instruct,sentiwordnet,fear,0.7025,0.015612494995996009,0.022224192165118874,6.639886716141931e-14,0.11690685126925723,0.7949999999999999,0.021794494717703387,0.02741445876440678,3.2512410563000524e-13,0.19851524546276622,-0.8000000000000002,1.1102230246251565e-16,-1.3877787807814454e-16,1.0,,-0.5,0.0,-0.0,1.0,
groq_llama-4-maverick-17b-128e-instruct,sentiwordnet,grief,0.705,0.021794494717703384,0.03091417690454381,3.2512410563000524e-13,0.19851524546276622,0.7,0.0,0.0,1.0,2.3695592492877317e-09,-0.805,0.021794494717703367,-0.027073906481619087,2.6930778843226267e-09,,-0.6999999999999998,1.1102230246251565e-16,-1.5860328923216525e-16,1.0,
groq_llama-4-maverick-17b-128e-instruct,sentiwordnet,interest,0.775,0.043301270189221974,0.05587260669577029,5.089946694027547e-10,0.5623351466855895,0.7,0.0,0.0,1.0,2.3695592492877317e-09,0.57,0.09539392014169452,0.1673577546345518,3.5376569942969156e-06,0.6474466410909689,0.20000000000000004,2.7755575615628914e-17,1.3877787807814454e-16,1.0,2.369559249287734e-09
groq_llama-4-maverick-17b-128e-instruct,sentiwordnet,joy,0.7975,0.01561249499599601,0.019576796233223837,6.639886716141931e-14,0.11690685126925723,0.7699999999999999,0.04582575694955844,0.05951397006436162,1.5107248311765843e-09,0.6108643041156884,0.8000000000000002,1.1102230246251565e-16,1.3877787807814454e-16,1.0,2.3695592492877317e-09,0.26000000000000006,0.12000000000000001,0.46153846153846145,2.888758348213648e-07,0.5004024256127483
groq_llama-4-maverick-17b-128e-instruct,sentiwordnet,loathing,0.8,0.0,0.0,1.0,2.3695592492877317e-09,0.8,0.0,0.0,1.0,2.3695592492877317e-09,-0.8999999999999998,2.220446049250313e-16,-2.467162276944793e-16,1.0,,-0.43,0.21000000000000002,-0.48837209302325585,1.8460159581573863e-08,2.369559249287734e-09
groq_llama-4-maverick-17b-128e-instruct,sentiwordnet,love,0.6925,0.02633913438213184,0.03803485109333118,1.1923177269210008e-12,0.266384465374239,0.41,0.043588989435406726,0.1063146083790408,3.2512410563000524e-13,0.19851524546276614,0.8000000000000002,1.1102230246251565e-16,1.3877787807814454e-16,1.0,2.3695592492877317e-09,0.20000000000000004,2.7755575615628914e-17,1.3877787807814454e-16,1.0,2.369559249287734e-09
groq_llama-4-maverick-17b-128e-instruct,sentiwordnet,optimism,0.7025,0.015612494995996012,0.022224192165118877,6.639886716141931e-14,0.11690685126925723,0.6674999999999999,0.046837484987987975,0.07016851683593706,2.37575451342878e-09,0.6305810304444012,0.8000000000000002,1.1102230246251565e-16,1.3877787807814454e-16,1.0,2.3695592492877317e-09,0.5,0.0,0.0,1.0,2.369559249287735e-09
groq_llama-4-maverick-17b-128e-instruct,sentiwordnet,pensiveness,0.39,0.030000000000000006,0.07692307692307694,3.74069954624535e-12,0.32508297548929416,0.34,0.04898979485566358,0.14408763192842228,6.44306851048433e-09,0.6730116690625014,-0.225,0.043301270189221926,-0.1924500897298752,8.080369646994848e-07,,0.20000000000000004,2.7755575615628914e-17,1.3877787807814454e-16,1.0,2.369559249287734e-09
groq_llama-4-maverick-17b-128e-instruct,sentiwordnet,rage,0.8,0.0,0.0,1.0,2.3695592492877317e-09,0.8800000000000001,0.039999999999999994,0.04545454545454544,1.3323781947503024e-10,0.5004024256127483,-0.8949999999999999,0.021794494717703363,-0.02435139074603728,2.6930778843226267e-09,,-0.40499999999999997,0.46203354856546935,-1.1408235767048627,6.336555170298443e-06,0.4505612109472642
groq_llama-4-maverick-17b-128e-instruct,sentiwordnet,remorse,0.7375,0.048412291827592754,0.06564378552893932,4.906214377265536e-09,0.6615632402126089,0.7,0.0,0.0,1.0,2.3695592492877317e-09,-0.8000000000000002,1.1102230246251565e-16,-1.3877787807814454e-16,1.0,,-0.5,0.0,-0.0,1.0,
groq_llama-4-maverick-17b-128e-instruct,sentiwordnet,sadness,0.4,0.0,0.0,1.0,2.3695592492877317e-09,0.395,0.021794494717703373,0.05517593599418575,3.2512410563000524e-13,0.19851524546276617,-0.8000000000000002,1.1102230246251565e-16,-1.3877787807814454e-16,1.0,,-0.515,0.047696960070847276,-0.09261545644824713,1.926369958945056e-08,
groq_llama-4-maverick-17b-128e-instruct,sentiwordnet,serenity,0.2,0.0,0.0,1.0,2.369559249287734e-09,0.2,0.0,0.0,1.0,2.369559249287734e-09,0.8000000000000002,1.1102230246251565e-16,1.3877787807814454e-16,1.0,2.3695592492877317e-09,0.20000000000000004,2.7755575615628914e-17,1.3877787807814454e-16,1.0,2.369559249287734e-09
groq_llama-4-maverick-17b-128e-instruct,sentiwordnet,submission,0.205,0.021794494717703363,0.1063146083790408,3.2512410563000524e-13,2.369559249287734e-09,0.2,0.0,0.0,1.0,2.369559249287734e-09,-0.2899999999999999,0.029999999999999995,-0.10344827586206898,1.8460159581573863e-08,,-0.6899999999999998,0.043588989435406726,-0.06317244845711122,2.6930778843226267e-09,
groq_llama-4-maverick-17b-128e-instruct,sentiwordnet,surprise,0.8,0.0,0.0,1.0,2.3695592492877317e-09,0.8,0.0,0.0,1.0,2.3695592492877317e-09,0.04,0.08,2.0,2.888758348213648e-07,0.5004024256127483,-0.5,0.0,-0.0,1.0,
groq_llama-4-maverick-17b-128e-instruct,sentiwordnet,terror,0.8800000000000001,0.039999999999999994,0.04545454545454544,1.3323781947503024e-10,0.5004024256127483,0.9,0.0,0.0,1.0,2.3695592492877317e-09,-0.8999999999999998,2.220446049250313e-16,-2.467162276944793e-16,1.0,,-0.8000000000000002,1.1102230246251565e-16,-1.3877787807814454e-16,1.0,
groq_llama-4-maverick-17b-128e-instruct,sentiwordnet,trust,0.4725,0.10951598056904752,0.23177985305618523,2.740714771773743e-08,0.9139426150766372,0.4,0.0,0.0,1.0,2.3695592492877317e-09,0.6999999999999998,1.1102230246251565e-16,1.5860328923216525e-16,1.0,2.3695592492877317e-09,0.22000000000000003,0.05099019513592785,0.23177361425421747,1.0856444102018767e-07,0.19851524546276628
groq_llama-4-maverick-17b-128e-instruct,sentiwordnet,vigilance,0.8,0.0,0.0,1.0,2.3695592492877317e-09,0.7949999999999999,0.021794494717703387,0.02741445876440678,3.2512410563000524e-13,0.19851524546276622,-0.20500000000000002,0.021794494717703367,-0.1063146083790408,2.6930778843226267e-09,,0.6999999999999998,1.1102230246251565e-16,1.5860328923216525e-16,1.0,2.3695592492877317e-09
groq_llama-4-scout-17b-16e-instruct,cambridge,acceptance,0.5,0.0,0.0,1.0,2.369559249287735e-09,0.20249999999999999,0.01561249499599599,0.07709874072096785,6.639886716141931e-14,2.369559249287734e-09,0.7700000000000001,0.04582575694955845,0.05951397006436161,1.857046814412901e-06,0.6108643041156884,0.16500000000000004,0.09630680142129112,0.5836775843714612,6.541168158484516e-08,0.40945862055713506
groq_llama-4-scout-17b-16e-instruct,cambridge,admiration,0.6,0.0,0.0,1.0,2.369559249287735e-09,0.5,0.09999999999999998,0.19999999999999996,1.0470883881834911e-08,0.6931471826107685,0.8000000000000002,1.1102230246251565e-16,1.3877787807814454e-16,1.0,2.3695592492877317e-09,-0.23000000000000004,0.0458257569495584,-0.1992424215198191,1.857046814412901e-06,
groq_llama-4-scout-17b-16e-instruct,cambridge,aggressiveness,0.7,0.0,0.0,1.0,2.3695592492877317e-09,0.7,0.0,0.0,1.0,2.3695592492877317e-09,-0.735,0.047696960070847325,-0.06489382322564262,3.537656994296956e-06,,0.5,0.0,0.0,1.0,2.369559249287735e-09
groq_llama-4-scout-17b-16e-instruct,cambridge,amazement,0.8,0.0,0.0,1.0,2.3695592492877317e-09,0.8,0.0,0.0,1.0,2.3695592492877317e-09,0.8000000000000002,1.1102230246251565e-16,1.3877787807814454e-16,1.0,2.3695592492877317e-09,-0.5,0.0,-0.0,1.0,
groq_llama-4-scout-17b-16e-instruct,cambridge,anger,0.7350000000000001,0.04769696007084732,0.0648938232256426,3.5180793675851188e-09,0.6474466410909688,0.8,0.0,0.0,1.0,2.3695592492877317e-09,-0.8000000000000002,1.1102230246251565e-16,-1.3877787807814454e-16,1.0,,-0.41,0.1260952021291849,-0.30754927348581684,1.3519509620192453e-05,
groq_llama-4-scout-17b-16e-instruct,cambridge,annoyance,0.6,0.0,0.0,1.0,2.369559249287735e-09,0.6,0.0,0.0,1.0,2.369559249287735e-09,-0.8000000000000002,1.1102230246251565e-16,-1.3877787807814454e-16,1.0,,-0.54,0.04898979485566356,-0.09072184232530288,5.604097524839088e-06,
groq_llama-4-scout-17b-16e-instruct,cambridge,anticipation,0.6875,0.03307189138830737,0.04810456929208345,1.0431513221754101e-11,0.376770163347164,0.6975,0.01561249499599599,0.02238350537060357,6.639886716141931e-14,0.11690685126925718,0.6999999999999998,1.1102230246251565e-16,1.5860328923216525e-16,1.0,2.3695592492877317e-09,0.20000000000000004,2.7755575615628914e-17,1.3877787807814454e-16,1.0,2.369559249287734e-09
groq_llama-4-scout-17b-16e-instruct,cambridge,apprehension,0.6025,0.015612494995995995,0.02591285476513858,6.639886716141931e-14,0.11690685126925732,0.6,0.0,0.0,1.0,2.369559249287735e-09,-0.6199999999999999,0.039999999999999994,-0.06451612903225806,2.888758348213648e-07,,-0.54,0.04898979485566356,-0.09072184232530288,5.604097524839088e-06,
groq_llama-4-scout-17b-16e-instruct,cambridge,awe,0.7,0.0,0.0,1.0,2.3695592492877317e-09,0.7,0.0,0.0,1.0,2.3695592492877317e-09,0.19000000000000003,0.030000000000000002,0.15789473684210525,1.8460159581573965e-08,0.32508297548929443,-0.5,0.0,-0.0,1.0,
groq_llama-4-scout-17b-16e-instruct,cambridge,boredom,0.2,0.0,0.0,1.0,2.369559249287734e-09,0.2,0.0,0.0,1.0,2.369559249287734e-09,-0.5,0.0,-0.0,1.0,,-0.5,0.0,-0.0,1.0,
groq_llama-4-scout-17b-16e-instruct,cambridge,contempt,0.6,0.0,0.0,1.0,2.369559249287735e-09,0.6,0.0,0.0,1.0,2.369559249287735e-09,-0.8000000000000002,1.1102230246251565e-16,-1.3877787807814454e-16,1.0,,-0.515,0.047696960070847276,-0.09261545644824713,1.926369958945056e-08,
groq_llama-4-scout-17b-16e-instruct,cambridge,disappointment,0.38249999999999995,0.03799671038392667,0.0993378049252985,6.158415075171373e-11,0.4637264418986658,0.4,0.0,0.0,1.0,2.3695592492877317e-09,-0.8000000000000002,1.1102230246251565e-16,-1.3877787807814454e-16,1.0,,-0.59,0.05385164807134503,-0.09127397978194073,8.612756683069146e-05,
groq_llama-4-scout-17b-16e-instruct,cambridge,disgust,0.6599999999999999,0.04898979485566354,0.07422696190252052,6.44306851048433e-09,0.6730116690625013,0.6,0.0,0.0,1.0,2.369559249287735e-09,-0.8000000000000002,1.1102230246251565e-16,-1.3877787807814454e-16,1.0,,-0.5,0.0,-0.0,1.0,
groq_llama-4-scout-17b-16e-instruct,cambridge,distraction,0.2,0.0,0.0,1.0,2.369559249287734e-09,0.2,0.0,0.0,1.0,2.369559249287734e-09,-0.51,0.04358898943540673,-0.08546860673609163,2.6930778843226267e-09,,-0.5,0.0,-0.0,1.0,
groq_llama-4-scout-17b-16e-instruct,cambridge,ecstasy,0.8,0.0,0.0,1.0,2.3695592492877317e-09,0.8,0.0,0.0,1.0,2.3695592492877317e-09,0.8999999999999998,2.220446049250313e-16,2.467162276944793e-16,1.0,2.3695592492877317e-09,0.37,0.18999999999999997,0.5135135135135135,2.076739631256492e-05,0.6881388157650129
groq_llama-4-scout-17b-16e-instruct,cambridge,fear,0.7,0.0,0.0,1.0,2.3695592492877317e-09,0.7050000000000001,0.021794494717703387,0.03091417690454381,3.2512410563000524e-13,0.19851524546276622,-0.7950000000000002,0.021794494717703387,-0.02741445876440677,2.6930778843226267e-09,,-0.6449999999999998,0.04974937185533099,-0.07713080907803256,7.386868549816344e-06,
groq_llama-4-scout-17b-16e-instruct,cambridge,grief,0.6,0.0,0.0,1.0,2.369559249287735e-09,0.6849999999999999,0.03570714214271425,0.052127214806882115,2.642038350103791e-11,0.42270908989059086,-0.805,0.021794494717703367,-0.027073906481619087,2.6930778843226267e-09,,-0.6999999999999998,1.1102230246251565e-16,-1.5860328923216525e-16,1.0,
groq_llama-4-scout-17b-16e-instruct,cambridge,interest,0.6375,0.0484122918275927,0.07594084992563561,4.906214377265536e-09,0.6615632402126091,0.5925,0.046837484987987975,0.07905060757466324,1.3389962129592632e-08,0.2663844653742394,0.7750000000000001,0.043301270189221974,0.05587260669577028,8.080369646994848e-07,0.5623351466855895,0.0,0.0,,1.0,2.369559249287733e-09
groq_llama-4-scout-17b-16e-instruct,cambridge,joy,0.7025,0.01561249499599601,0.022224192165118877,6.639886716141931e-14,0.11690685126925723,0.7224999999999999,0.0417582327212252,0.05779686189788955,2.690555884613726e-10,0.5331638428077226,0.8100000000000002,0.029999999999999995,0.03703703703703702,1.8460159581573863e-08,0.32508297548929427,0.59,0.029999999999999992,0.050847457627118633,1.8460159581573965e-08,2.369559249287735e-09
groq_llama-4-scout-17b-16e-instruct,cambridge,loathing,0.7,0.0,0.0,1.0,2.3695592492877317e-09,0.69,0.029999999999999992,0.04347826086956521,3.74069954624535e-12,0.32508297548929405,-0.8000000000000002,1.1102230246251565e-16,-1.3877787807814454e-16,1.0,,-0.6599999999999998,0.04898979485566355,-0.07422696190252055,5.604097524839109e-06,
groq_llama-4-scout-17b-16e-instruct,cambridge,love,0.51,0.043588989435406726,0.08546860673609162,3.2512410563000524e-13,0.19851524546276636,0.2,0.0,0.0,1.0,2.369559249287734e-09,0.8000000000000002,1.1102230246251565e-16,1.3877787807814454e-16,1.0,2.3695592492877317e-09,0.0,0.0,,1.0,2.369559249287733e-09
groq_llama-4-scout-17b-16e-instruct,cambridge,optimism,0.6,0.0,0.0,1.0,2.369559249287735e-09,0.555,0.0835164654424503,0.15048011791432483,2.6905558846137163e-10,0.5331638428077229,0.775,0.043301270189221974,0.05587260669577029,8.080369646994848e-07,0.5623351466855895,0.51,0.029999999999999992,0.05882352941176469,1.8460159581573863e-08,2.369559249287735e-09
groq_llama-4-scout-17b-16e-instruct,cambridge,pensiveness,0.2,0.0,0.0,1.0,2.369559249287734e-09,0.2,0.0,0.0,1.0,2.369559249287734e-09,-0.20000000000000004,2.7755575615628914e-17,-1.3877787807814454e-16,1.0,,-0.275,0.043301270189221926,-0.15745916432444335,8.080369646994802e-07,
groq_llama-4-scout-17b-16e-instruct,cambridge,rage,0.8,0.0,0.0,1.0,2.3695592492877317e-09,0.8,0.0,0.0,1.0,2.3695592492877317e-09,-0.8100000000000002,0.029999999999999995,-0.03703703703703702,1.8460159581573965e-08,,-0.6899999999999998,0.043588989435406726,-0.06317244845711122,2.6930778843226164e-09,
groq_llama-4-scout-17b-16e-instruct,cambridge,remorse,0.5800000000000001,0.05999999999999999,0.10344827586206894,3.74069954624535e-12,0.3250829754892945,0.6,0.0,0.0,1.0,2.369559249287735e-09,-0.74,0.048989794855663606,-0.06620242548062649,5.604097524839088e-06,,-0.5,0.0,-0.0,1.0,
groq_llama-4-scout-17b-16e-instruct,cambridge,sadness,0.3375,0.04841229182759273,0.14344382763731178,4.906214377265536e-09,0.6615632402126091,0.34,0.04898979485566358,0.14408763192842228,6.44306851048433e-09,0.6730116690625014,-0.7850000000000001,0.03570714214271428,-0.04548680527734303,8.316866210129778e-08,,-0.6999999999999998,1.1102230246251565e-16,-1.5860328923216525e-16,1.0,
groq_llama-4-scout-17b-16e-instruct,cambridge,serenity,0.2,0.0,0.0,1.0,2.369559249287734e-09,0.2,0.0,0.0,1.0,2.369559249287734e-09,0.8000000000000002,1.1102230246251565e-16,1.3877787807814454e-16,1.0,2.3695592492877317e-09,-0.48,0.05099019513592784,-0.10622957319984967,1.0856444102018767e-07,
groq_llama-4-scout-17b-16e-instruct,cambridge,submission,0.3,0.03872983346207417,0.12909944487358058,5.339733963844491e-10,0.2663844653742393,0.2975,0.015612494995995992,0.05247897477645712,6.639886716141931e-14,2.369559249287734e-09,-0.20000000000000004,2.7755575615628914e-17,-1.3877787807814454e-16,1.0,,-0.5,0.0,-0.0,1.0,
groq_llama-4-scout-17b-16e-instruct,cambridge,surprise,0.7,0.0,0.0,1.0,2.3695592492877317e-09,0.7,0.0,0.0,1.0,2.3695592492877317e-09,0.0,0.0,,1.0,2.369559249287733e-09,-0.45499999999999996,0.10712142642814274,-0.23543170643547856,8.316866210129778e-08,
groq_llama-4-scout-17b-16e-instruct,cambridge,terror,0.8949999999999999,0.021794494717703363,0.02435139074603728,3.2512410563000524e-13,0.1985152454627662,0.9,0.0,0.0,1.0,2.3695592492877317e-09,-1.0,0.0,-0.0,1.0,,-0.8000000000000002,1.1102230246251565e-16,-1.3877787807814454e-16,1.0,
groq_llama-4-scout-17b-16e-instruct,cambridge,trust,0.5,0.0,0.0,1.0,2.369559249287735e-09,0.2,0.0,0.0,1.0,2.369559249287734e-09,0.8000000000000002,1.1102230246251565e-16,1.3877787807814454e-16,1.0,2.3695592492877317e-09,0.20000000000000004,2.7755575615628914e-17,1.3877787807814454e-16,1.0,2.369559249287734e-09
groq_llama-4-scout-17b-16e-instruct,cambridge,vigilance,0.65,0.04999999999999999,0.0769230769230769,1.0470883881834911e-08,0.6931471826107684,0.6925,0.02633913438213184,0.03803485109333118,1.1923177269210008e-12,0.266384465374239,-0.06000000000000001,0.12000000000000002,-2.0,0.00038610157747563146,0.636514170352477,0.20000000000000004,2.7755575615628914e-17,1.3877787807814454e-16,1.0,2.369559249287734e-09
groq_llama-4-scout-17b-16e-instruct,sentiwordnet,acceptance,0.20249999999999999,0.01561249499599599,0.07709874072096785,6.639886716141931e-14,2.369559249287734e-09,0.2,0.0,0.0,1.0,2.369559249287734e-09,0.8000000000000002,1.1102230246251565e-16,1.3877787807814454e-16,1.0,2.3695592492877317e-09,-0.35,0.13228756555322954,-0.3779644730092273,0.0002685215551995697,
groq_llama-4-scout-17b-16e-instruct,sentiwordnet,admiration,0.6,0.0,0.0,1.0,2.369559249287735e-09,0.6,0.0,0.0,1.0,2.369559249287735e-09,0.8000000000000002,1.1102230246251565e-16,1.3877787807814454e-16,1.0,2.3695592492877317e-09,0.20000000000000004,2.7755575615628914e-17,1.3877787807814454e-16,1.0,2.369559249287734e-09
groq_llama-4-scout-17b-16e-instruct,sentiwordnet,aggressiveness,0.8,0.0,0.0,1.0,2.3695592492877317e-09,0.7975,0.015612494995996012,0.01957679623322384,6.639886716141931e-14,0.11690685126925723,-0.8000000000000002,1.1102230246251565e-16,-1.3877787807814454e-16,1.0,,0.53,0.04582575694955839,0.08646369235765734,1.857046814412901e-06,2.369559249287735e-09
groq_llama-4-scout-17b-16e-instruct,sentiwordnet,amazement,0.8,0.0,0.0,1.0,2.3695592492877317e-09,0.8,0.0,0.0,1.0,2.3695592492877317e-09,0.8000000000000002,1.1102230246251565e-16,1.3877787807814454e-16,1.0,2.3695592492877317e-09,-0.5,0.0,-0.0,1.0,
groq_llama-4-scout-17b-16e-instruct,sentiwordnet,anger,0.7975,0.015612494995996012,0.01957679623322384,6.639886716141931e-14,0.11690685126925723,0.8,0.0,0.0,1.0,2.3695592492877317e-09,-0.8000000000000002,1.1102230246251565e-16,-1.3877787807814454e-16,1.0,,0.24500000000000002,0.10712142642814275,0.437230311951603,8.316866210129778e-08,0.4227090898905911
groq_llama-4-scout-17b-16e-instruct,sentiwordnet,annoyance,0.5974999999999999,0.015612494995995995,0.026129698738068613,6.639886716141931e-14,2.369559249287735e-09,0.6,0.0,0.0,1.0,2.369559249287735e-09,-0.8000000000000002,1.1102230246251565e-16,-1.3877787807814454e-16,1.0,,-0.5,0.0,-0.0,1.0,
groq_llama-4-scout-17b-16e-instruct,sentiwordnet,anticipation,0.6,0.0,0.0,1.0,2.369559249287735e-09,0.6,0.0,0.0,1.0,2.369559249287735e-09,0.5,0.0,0.0,1.0,2.369559249287735e-09,0.51,0.029999999999999992,0.05882352941176469,1.8460159581573863e-08,2.369559249287735e-09
groq_llama-4-scout-17b-16e-instruct,sentiwordnet,apprehension,0.6,0.0,0.0,1.0,2.369559249287735e-09,0.605,0.021794494717703367,0.03602395821107995,3.2512410563000524e-13,0.19851524546276636,-0.7049999999999998,0.021794494717703387,-0.03091417690454382,2.6930778843226267e-09,,-0.5849999999999999,0.03570714214271424,-0.06103784981660555,8.316866210129778e-08,
groq_llama-4-scout-17b-16e-instruct,sentiwordnet,awe,0.7150000000000001,0.03570714214271428,0.04994005894085913,2.642038350103791e-11,0.42270908989059125,0.795,0.021794494717703384,0.02741445876440677,3.2512410563000524e-13,0.19851524546276622,0.8000000000000002,1.1102230246251565e-16,1.3877787807814454e-16,1.0,2.3695592492877317e-09,-0.5,0.0,-0.0,1.0,
groq_llama-4-scout-17b-16e-instruct,sentiwordnet,boredom,0.2,0.0,0.0,1.0,2.369559249287734e-09,0.2,0.0,0.0,1.0,2.369559249287734e-09,-0.6199999999999999,0.09273618495495702,-0.14957449186283392,2.7677990171697855e-05,,-0.5,0.0,-0.0,1.0,
groq_llama-4-scout-17b-16e-instruct,sentiwordnet,contempt,0.6,0.0,0.0,1.0,2.369559249287735e-09,0.6,0.0,0.0,1.0,2.369559249287735e-09,-0.8000000000000002,1.1102230246251565e-16,-1.3877787807814454e-16,1.0,,-0.6699999999999998,0.045825756949558386,-0.06839665216351999,1.857046814412901e-06,
groq_llama-4-scout-17b-16e-instruct,sentiwordnet,disappointment,0.43499999999999994,0.0759934207678533,0.17469751900655933,6.15841507517124e-11,0.4637264418986657,0.6,0.0,0.0,1.0,2.369559249287735e-09,-0.7950000000000002,0.021794494717703387,-0.02741445876440677,2.6930778843226267e-09,,-0.5,0.0,-0.0,1.0,
groq_llama-4-scout-17b-16e-instruct,sentiwordnet,disgust,0.62,0.039999999999999994,0.06451612903225805,1.3323781947503024e-10,0.5004024256127487,0.6,0.0,0.0,1.0,2.369559249287735e-09,-0.8000000000000002,1.1102230246251565e-16,-1.3877787807814454e-16,1.0,,-0.5,0.0,-0.0,1.0,
groq_llama-4-scout-17b-16e-instruct,sentiwordnet,distraction,0.7,0.0,0.0,1.0,2.3695592492877317e-09,0.6849999999999999,0.03570714214271425,0.052127214806882115,2.6420383501038105e-11,0.42270908989059086,-0.8000000000000002,1.1102230246251565e-16,-1.3877787807814454e-16,1.0,,-0.5599999999999999,0.07999999999999999,-0.14285714285714285,3.888637245755458e-05,
groq_llama-4-scout-17b-16e-instruct,sentiwordnet,ecstasy,0.8,0.0,0.0,1.0,2.3695592492877317e-09,0.8,0.0,0.0,1.0,2.3695592492877317e-09,0.89,0.029999999999999992,0.03370786516853932,1.8460159581573965e-08,0.3250829754892942,-0.5,0.0,-0.0,1.0,
groq_llama-4-scout-17b-16e-instruct,sentiwordnet,fear,0.705,0.021794494717703384,0.03091417690454381,3.2512410563000524e-13,0.19851524546276622,0.775,0.043301270189221974,0.05587260669577029,5.089946694027547e-10,0.5623351466855895,-0.8000000000000002,1.1102230246251565e-16,-1.3877787807814454e-16,1.0,,-0.6949999999999998,0.021794494717703363,-0.031358985205328586,2.6930778843226267e-09,
groq_llama-4-scout-17b-16e-instruct,sentiwordnet,grief,0.6975,0.015612494995995992,0.022383505370603574,6.639886716141931e-14,0.11690685126925718,0.7,0.0,0.0,1.0,2.3695592492877317e-09,-0.8000000000000002,1.1102230246251565e-16,-1.3877787807814454e-16,1.0,,-0.7099999999999997,0.03000000000000003,-0.04225352112676062,1.8460159581573965e-08,
groq_llama-4-scout-17b-16e-instruct,sentiwordnet,interest,0.6900000000000001,0.04358898943540672,0.06317244845711119,3.2512410563000524e-13,0.19851524546276614,0.7,0.0,0.0,1.0,2.3695592492877317e-09,0.8000000000000002,1.1102230246251565e-16,1.3877787807814454e-16,1.0,2.3695592492877317e-09,0.45499999999999996,0.10712142642814274,0.23543170643547856,8.316866210129825e-08,0.4227090898905913
groq_llama-4-scout-17b-16e-instruct,sentiwordnet,joy,0.7075000000000001,0.026339134382131868,0.037228458490645745,1.1923177269210222e-12,0.26638446537423915,0.745,0.04974937185533104,0.06677768034272623,9.272403215360989e-09,0.6881388157650129,0.8000000000000002,1.1102230246251565e-16,1.3877787807814454e-16,1.0,2.3695592492877317e-09,0.5,0.0,0.0,1.0,2.369559249287735e-09
groq_llama-4-scout-17b-16e-instruct,sentiwordnet,loathing,0.8,0.0,0.0,1.0,2.3695592492877317e-09,0.7050000000000001,0.021794494717703384,0.030914176904543803,3.2512410563000524e-13,0.19851524546276622,-0.8000000000000002,1.1102230246251565e-16,-1.3877787807814454e-16,1.0,,-0.6999999999999998,1.1102230246251565e-16,-1.5860328923216525e-16,1.0,
groq_llama-4-scout-17b-16e-instruct,sentiwordnet,love,0.665,0.04769696007084726,0.07172475198623648,3.518079367585132e-09,0.6474466410909686,0.2,0.0,0.0,1.0,2.369559249287734e-09,0.8000000000000002,1.1102230246251565e-16,1.3877787807814454e-16,1.0,2.3695592492877317e-09,-0.5,0.0,-0.0,1.0,
groq_llama-4-scout-17b-16e-instruct,sentiwordnet,optimism,0.6,0.0,0.0,1.0,2.369559249287735e-09,0.5599999999999999,0.07999999999999999,0.14285714285714285,1.3323781947503024e-10,0.5004024256127486,0.8000000000000002,1.1102230246251565e-16,1.3877787807814454e-16,1.0,2.3695592492877317e-09,0.505,0.021794494717703367,0.04315741528258092,2.6930778843226267e-09,2.369559249287735e-09
groq_llama-4-scout-17b-16e-instruct,sentiwordnet,pensiveness,0.2,0.0,0.0,1.0,2.369559249287734e-09,0.2,0.0,0.0,1.0,2.369559249287734e-09,-0.305,0.14309088021254185,-0.4691504269263667,3.537656994296956e-06,,-0.36500000000000005,0.04769696007084729,-0.13067660293382818,3.5376569942969156e-06,
groq_llama-4-scout-17b-16e-instruct,sentiwordnet,rage,0.8,0.0,0.0,1.0,2.3695592492877317e-09,0.8025,0.01561249499599599,0.019454822424917122,6.639886716141931e-14,0.11690685126925723,-0.8150000000000002,0.03570714214271424,-0.04381244434688863,8.316866210129825e-08,,-0.715,0.03570714214271428,-0.049940058940859136,8.316866210129825e-08,
groq_llama-4-scout-17b-16e-instruct,sentiwordnet,remorse,0.545,0.08930285549745874,0.16385845045405273,9.042305351251569e-10,0.5881687794177748,0.6,0.0,0.0,1.0,2.369559249287735e-09,-0.8000000000000002,1.1102230246251565e-16,-1.3877787807814454e-16,1.0,,-0.5,0.0,-0.0,1.0,
groq_llama-4-scout-17b-16e-instruct,sentiwordnet,sadness,0.395,0.021794494717703377,0.055175935994185764,3.2512410563000524e-13,0.19851524546276617,0.4,0.0,0.0,1.0,2.3695592492877317e-09,-0.6999999999999998,1.1102230246251565e-16,-1.5860328923216525e-16,1.0,,-0.57,0.08999999999999997,-0.15789473684210523,1.731937490769023e-05,
groq_llama-4-scout-17b-16e-instruct,sentiwordnet,serenity,0.2,0.0,0.0,1.0,2.369559249287734e-09,0.1,0.0,0.0,1.0,2.369559249287733e-09,0.805,0.021794494717703367,0.027073906481619087,2.6930778843226267e-09,0.19851524546276622,0.5,0.0,0.0,1.0,2.369559249287735e-09
groq_llama-4-scout-17b-16e-instruct,sentiwordnet,submission,0.21500000000000002,0.03570714214271424,0.16607973089634528,2.642038350103791e-11,2.369559249287734e-09,0.2,0.0,0.0,1.0,2.369559249287734e-09,-0.21000000000000005,0.029999999999999992,-0.1428571428571428,1.8460159581573965e-08,,-0.775,0.043301270189221974,-0.05587260669577029,8.080369646994802e-07,
groq_llama-4-scout-17b-16e-instruct,sentiwordnet,surprise,0.7699999999999999,0.04582575694955844,0.05951397006436162,1.5107248311765955e-09,0.6108643041156884,0.8,0.0,0.0,1.0,2.3695592492877317e-09,-0.5,0.0,-0.0,1.0,,-0.5,0.0,-0.0,1.0,
groq_llama-4-scout-17b-16e-instruct,sentiwordnet,terror,0.8025,0.01561249499599599,0.019454822424917122,6.639886716141931e-14,0.11690685126925723,0.8975,0.015612494995995995,0.01739553759999554,6.639886716141931e-14,0.11690685126925723,-0.8000000000000002,1.1102230246251565e-16,-1.3877787807814454e-16,1.0,,-0.8000000000000002,1.1102230246251565e-16,-1.3877787807814454e-16,1.0,
groq_llama-4-scout-17b-16e-instruct,sentiwordnet,trust,0.20999999999999996,0.029999999999999995,0.14285714285714285,3.740699546245282e-12,2.369559249287734e-09,0.20249999999999999,0.01561249499599599,0.07709874072096785,6.639886716141931e-14,2.369559249287734e-09,0.8000000000000002,1.1102230246251565e-16,1.3877787807814454e-16,1.0,2.3695592492877317e-09,0.20000000000000004,2.7755575615628914e-17,1.3877787807814454e-16,1.0,2.369559249287734e-09
groq_llama-4-scout-17b-16e-instruct,sentiwordnet,vigilance,0.7,0.0,0.0,1.0,2.3695592492877317e-09,0.7,0.0,0.0,1.0,2.3695592492877317e-09,0.14500000000000002,0.049749371855331,0.343099116243662,7.386868549816344e-06,0.6881388157650129,0.52,0.03999999999999999,0.0769230769230769,2.888758348213648e-07,2.369559249287735e-09
openai_gpt-5-mini,cambridge,acceptance,0.24625,0.025950674365033365,0.10538344919810504,9.804333847605076e-08,2.369559249287734e-09,0.31275,0.04024844717501533,0.1286920772982105,1.6646274314717904e-06,0.6931471826107685,0.7449999999999999,0.04444097208657797,0.05965231152560802,0.0031742893267881207,1.0805276283726337,0.20249999999999999,0.15122417134836613,0.7467860313499562,0.000306463179318904,0.7607552608302267
openai_gpt-5-mini,cambridge,admiration,0.43,0.05220153254455276,0.12139891289430875,0.0009759766457461462,0.9206594809398123,0.59375,0.05266343608235224,0.0886963134018564,3.9387809805342196e-05,0.7909873522457725,0.7950000000000002,0.021794494717703373,0.027414458764406752,3.86621440545835e-06,0.42270908989059125,-0.30999999999999994,0.051478150704935006,-0.1660585506610807,0.00032671871629652794,
openai_gpt-5-mini,cambridge,aggressiveness,0.7092499999999999,0.02935877211328839,0.041394109430085854,1.797964420107923e-06,0.6108643041156885,0.7355,0.024994999499899997,0.03398368388837525,6.581112323602659e-08,0.7187175764485919,-0.8200000000000001,0.03316624790355398,-0.04044664378482192,0.0015481561334307302,,0.6375,0.07885905147793751,0.12370047290656865,0.00016391452077186582,0.8451132586465308
openai_gpt-5-mini,cambridge,amazement,0.82125,0.02712816801776335,0.03303277688616542,1.220726344916832e-07,0.11690685126925723,0.8612500000000001,0.0208791163606126,0.0242428056436721,2.690555884613726e-10,0.5331638428077226,0.52,0.10770329614269007,0.20712172335132706,0.010689942351155845,0.9142855830308981,-0.4665,0.09758457869971052,-0.20918452025661416,0.0020755269933491137,
openai_gpt-5-mini,cambridge,anger,0.7895,0.029995833043941298,0.03799345540714541,1.757405192424868e-06,0.671943705954995,0.80625,0.01996089927833912,0.024757704531273326,5.2230751468842e-10,0.11690685126925723,-0.78,0.033166247903554026,-0.04252083064558208,6.274024885913136e-06,,0.49499999999999994,0.10234744745229359,0.20676252010564364,0.003476887385119179,0.8568409968379758
openai_gpt-5-mini,cambridge,annoyance,0.3975000000000001,0.05117372372614682,0.12873892761294795,1.6218804078672189e-06,0.7924048040478964,0.4925,0.04683748498798799,0.09510149236139694,6.071114260289439e-06,0.6918966612560533,-0.5925,0.03269174207655505,-0.055175935994185736,3.053035089328498e-07,,-0.2925,0.0694172168845741,-0.23732381840880035,0.03882581081940896,
openai_gpt-5-mini,cambridge,anticipation,0.62375,0.038709656418005056,0.06205956940762333,4.151548303016081e-06,0.6818546107829635,0.6812499999999999,0.028912583765550916,0.042440489931083916,4.1906336155432585e-07,0.19851524546276622,0.6749999999999998,0.043301270189221926,0.06415002990995843,8.080369646994848e-07,0.5623351466855894,0.19999999999999998,0.11067971810589329,0.5533985905294665,0.00012025443689528307,0.7080189778765414
openai_gpt-5-mini,cambridge,apprehension,0.46875,0.04284784125250652,0.09140872800534725,1.1189652611747798e-07,0.5881687794177743,0.615,0.027838821814150122,0.045266376933577435,2.8738239558130963e-07,0.6474466410909689,-0.6074999999999999,0.01785357107135714,-0.029388594356143445,8.316866210129825e-08,,-0.5824999999999999,0.0694172168845741,-0.11917118778467659,0.0022899237278947537,
openai_gpt-5-mini,cambridge,awe,0.62925,0.03488463128657088,0.0554384287430606,2.744018780195172e-05,0.6918966612560532,0.73575,0.028625818765582955,0.038906991186657094,9.276514738511424e-07,0.8237197333180135,0.385,0.08381527307120105,0.2177020079771456,0.004962915950286762,1.2870215804464196,-0.5999999999999999,0.052440442408507565,-0.08740073734751262,3.364727758445742e-05,
openai_gpt-5-mini,cambridge,boredom,0.22125,0.03139964171770117,0.1419192845997793,5.579030864717157e-06,0.19851524546276628,0.24874999999999997,0.023684119151870516,0.09521253930400209,1.7396047909605753e-08,2.369559249287734e-09,-0.5549999999999999,0.049749371855330994,-0.08963850784744325,7.386868549816287e-06,,-0.3825,0.05760859310901457,-0.15061070093860018,0.0006112130565497529,
openai_gpt-5-mini,cambridge,contempt,0.365,0.03741657386773943,0.1025111612814779,1.1113945124292706e-06,0.8292995845334938,0.40925,0.046764703570107244,0.11426928178401281,9.410122007219836e-07,0.7187175764485919,-0.7124999999999999,0.03491060010942237,-0.048997333486908594,3.729264181846627e-05,,0.6299999999999999,0.08426149773176357,0.13374840909803742,0.00035912213711869587,0.8556886690579649
openai_gpt-5-mini,cambridge,disappointment,0.355,0.03500000000000001,0.09859154929577468,3.2878896403009066e-07,0.7684262669868929,0.35750000000000004,0.023848480035423652,0.0667090350641221,3.840660832358716e-12,0.3250829754892942,-0.6174999999999999,0.036314597615834866,-0.05880906496491477,3.5827203619938623e-07,,-0.4415,0.05543239125276845,-0.12555468007422071,0.0012316655547314997,
openai_gpt-5-mini,cambridge,disgust,0.5,0.09486832980505137,0.18973665961010275,0.011475168253377363,1.1919860867776617,0.61275,0.06663285600962936,0.10874395105610665,8.301743713146938e-06,0.8903460278630324,-0.8475000000000001,0.02487468592766549,-0.029350661861552194,2.820094137614166e-05,,-0.44250000000000006,0.10034316120194739,-0.22676420610609577,0.06485053052788292,
openai_gpt-5-mini,cambridge,distraction,0.35575,0.055807145599824415,0.156871807729654,0.009951939953924096,1.096067330213275,0.38625,0.03159806164941136,0.08180727935122684,4.6490665460055604e-06,0.7187175764485919,-0.6224999999999999,0.04866980583482948,-0.07818442704390278,0.00023981209775004984,,-0.47750000000000004,0.06977642868476432,-0.1461286464602394,0.02154048097718967,
openai_gpt-5-mini,cambridge,ecstasy,0.8487500000000001,0.02368411915187052,0.02790470592267513,3.865178007707014e-10,0.381316489722033,0.9142499999999998,0.02488850136107031,0.027222861756708027,6.057574547780132e-08,0.11690685126925723,0.9649999999999999,0.015000000000000015,0.015544041450777219,8.099750290870789e-06,2.3695592492877317e-09,0.31,0.4627634384866635,1.49278528544085,0.0012820018503208782,1.3953970935947664
openai_gpt-5-mini,cambridge,fear,0.7324999999999999,0.04943429983321299,0.06748709874841365,0.0003051703047416686,1.0552034675135011,0.84425,0.019090246200612487,0.022612077229034633,6.465266952900854e-10,0.11690685126925723,-0.825,0.02958039891549806,-0.0358550289884825,7.550876845000566e-05,,-0.7295,0.049140105819991904,-0.06736135136393681,0.011388396854662398,
openai_gpt-5-mini,cambridge,grief,0.5237499999999999,0.12195670338279892,0.23285289428696693,0.00582042460343364,1.4337430301631207,0.3495,0.06953236656406857,0.19894811606314328,1.235041029786416e-07,1.0234450058909645,-0.8999999999999998,0.015811388300841892,-0.01756820922315766,1.1163428685184013e-07,,-0.7149999999999999,0.04213074886588181,-0.058924124287946605,0.0003025259111931053,
openai_gpt-5-mini,cambridge,interest,0.5175000000000001,0.04548351349665063,0.08789084733652294,6.042299504034964e-06,0.3767701633471646,0.5987500000000001,0.030593095626301046,0.05109494050321677,9.192181407078233e-09,0.37677016334716457,0.6049999999999999,0.06304760106459245,0.10421091085056605,0.008100633059959225,0.6474466410909689,0.24750000000000005,0.058040933831219485,0.23450882356048272,0.0006595380886583924,0.39439769331196195
openai_gpt-5-mini,cambridge,joy,0.71675,0.03227905667766643,0.04503530753772784,1.1490974266794693e-07,0.7795648472499559,0.78125,0.024206145913796377,0.030983866769659363,4.906214377265536e-09,0.6615632402126089,0.945,0.014999999999999979,0.01587301587301585,1.8460159581573965e-08,2.3695592492877317e-09,0.5574999999999999,0.08554969316134335,0.15345236441496568,0.007340077846870059,0.7305880631859286
openai_gpt-5-mini,cambridge,loathing,0.76325,0.03117591217590916,0.04084626554328092,4.7001548984817095e-07,0.7460326665305591,0.78325,0.028494517016436703,0.03637984936666033,3.5707921744724834e-06,0.7534120000257067,-0.9359999999999999,0.02177154105707721,-0.023260193437048302,2.9160812768676884e-06,,0.07499999999999998,0.2713392710243027,3.617856946990704,0.0005097013929264412,0.4505612109472642
openai_gpt-5-mini,cambridge,love,0.62625,0.03533323506275643,0.05642033542955119,1.1322579004310709e-07,0.6730116690625015,0.658,0.04869291529575939,0.07400139102698995,0.000259500657016811,0.7460326665305591,0.9125,0.02165063509461094,0.023726723391354454,8.080369646994802e-07,2.3695592492877317e-09,-0.1515,0.2878762755073783,-1.9001734356922662,9.390538177299146e-05,1.0549201697580626
openai_gpt-5-mini,cambridge,optimism,0.41675000000000006,0.06455182026868028,0.1548933899668393,4.8396514402607494e-05,0.9881327145307628,0.535,0.05722761571129798,0.10696750600242613,1.0783428428656516e-05,0.5623351466855898,0.7750000000000001,0.03708099243547835,0.047846441852230116,1.68920681997098e-05,0.886464477473515,0.4025,0.10662434056068061,0.2649051939395791,0.6399647387153533,1.28992198411964
openai_gpt-5-mini,cambridge,pensiveness,0.22374999999999998,0.0335177191944798,0.14979986232169745,7.787540198209024e-06,0.26638446537423927,0.26375000000000004,0.027357585785299104,0.10372544373573118,6.288209382405299e-10,0.19851524546276628,-0.18,0.029154759474226508,-0.16197088596792505,1.7651750737453148e-05,,-0.2825,0.036314597615834866,-0.12854724819764557,0.006353526821400442,
openai_gpt-5-mini,cambridge,rage,0.90625,0.01653594569415367,0.01824656076596267,1.0431513221754101e-11,2.3695592492877317e-09,0.922,0.02357965224510316,0.025574460135686723,6.565477325836748e-08,2.3695592492877317e-09,-0.9424999999999999,0.017853571071357103,-0.01894278097756722,8.316866210129778e-08,,0.32499999999999996,0.45702844550421584,1.4062413707822028,0.00027592111159213846,1.171059871518808
openai_gpt-5-mini,cambridge,remorse,0.38125,0.04960783708246108,0.13011891693760286,0.0008326966088228366,0.936356914572454,0.35,0.047434164902525694,0.1355261854357877,1.4915375064562037e-05,0.9206594809398123,-0.7149999999999999,0.03570714214271427,-0.04994005894085913,5.590303799334291e-05,,-0.564,0.09096153033013459,-0.16127930909598331,0.011209610004299668,
openai_gpt-5-mini,cambridge,sadness,0.27125000000000005,0.03333072906493345,0.12287826383385601,1.1693070299007977e-06,0.2663844653742393,0.25875000000000004,0.02204399011068549,0.08519416467897774,2.6916446280994977e-09,2.369559249287734e-09,-0.7124999999999998,0.04145780987944252,-0.05818639983079653,9.44122048436285e-05,,-0.5874999999999999,0.04678407848830625,-0.07963247402264895,1.1420844760283905e-05,
openai_gpt-5-mini,cambridge,serenity,0.16425,0.025679515182339414,0.15634408025777422,9.836206235651348e-07,0.6108643041156884,0.1865,0.019691368667515224,0.10558374620651595,2.2702619672929788e-08,0.661563240212609,0.8324999999999999,0.028613807855648973,0.03437094036714592,6.4422614031071454e-06,0.19851524546276622,0.38250000000000006,0.08257572282456874,0.21588424267861103,0.04783178804790021,1.0700473162341786
openai_gpt-5-mini,cambridge,submission,0.26749999999999996,0.04548351349665062,0.17003182615570328,0.00039331629692271824,0.37677016334716446,0.35,0.04609772228646444,0.131707777961327,2.5824193601203833e-05,1.0415600878727622,-0.21000000000000005,0.053851648071345036,-0.25643641938735723,0.09020029154533592,,-0.7825000000000001,0.04548351349665066,-0.058125895842365057,0.00027399135821664164,
openai_gpt-5-mini,cambridge,surprise,0.6599999999999999,0.04062019202317979,0.061545745489666355,0.0002038995596891844,0.6874357523265306,0.7699999999999999,0.03840572873934308,0.04987756979135465,1.8384514493917116e-07,0.969789732404322,0.0,0.0,,1.0,2.369559249287733e-09,-0.4375,0.07224091638399945,-0.16512209459199872,0.018003055014601328,
openai_gpt-5-mini,cambridge,terror,0.9310000000000003,0.023643180835073746,0.025395468136491663,1.4243371452971652e-08,2.3695592492877317e-09,0.9492499999999999,0.004683748498798785,0.004934156964760374,6.639886716141931e-14,2.3695592492877317e-09,-0.9499999999999998,1.1102230246251565e-16,-1.1686558153949018e-16,1.0,,-0.9225,0.024874685927665466,-0.026964429189881265,7.386868549816344e-06,
openai_gpt-5-mini,cambridge,trust,0.23875000000000002,0.03620687089490059,0.15165181526659932,4.758903737347033e-06,2.369559249287734e-09,0.27199999999999996,0.0367559518989782,0.13513217609918457,0.00011234970016415496,0.2663844653742393,0.7850000000000001,0.02783882181415014,0.03546346727917214,1.969432179482662e-06,0.6874357523265308,0.18250000000000005,0.2882164984868146,1.5792684848592575,0.004390120572458808,1.171059871518808
openai_gpt-5-mini,cambridge,vigilance,0.69675,0.02849451701643668,0.04089632869241002,1.204791938761285e-06,0.42270908989059125,0.71,0.027838821814150122,0.03920960818894383,8.324783994569732e-08,0.6116510641393383,-0.275,0.040311288741492736,-0.14658650451451902,0.017069255958996096,,0.08499999999999999,0.26744158240632665,3.14637155772149,0.00012013394852644834,0.410116320374673
openai_gpt-5-nano,cambridge,acceptance,0.29700000000000004,0.027495454169735038,0.09257728676678463,0.025499096822058885,0.6474466410909688,0.28775000000000006,0.019298639848445272,0.06706738435602178,0.0016306688315275723,0.2663844653742393,0.7064999999999999,0.035252659474144646,0.04989760718208726,0.06233725024747766,0.6474466410909687,0.29100000000000004,0.06268173577685927,0.2154011538723686,0.427060258526809,0.7909873522457724
openai_gpt-5-nano,cambridge,admiration,0.48650000000000004,0.05893004327166237,0.12113061309694216,0.0011413035566736232,0.7375081650466491,0.55475,0.04031051351694741,0.07266428754744914,0.00011384937358261974,0.4608966214866903,0.751,0.027730849247724117,0.03692523202093757,0.01461275945663964,0.42270908989059125,-0.19150000000000003,0.08725107449195109,-0.4556191879475252,0.00041825142046890857,2.369559249287733e-09
openai_gpt-5-nano,cambridge,aggressiveness,0.789,0.03047950130825633,0.03863054665178242,0.06931978059070176,0.6881388157650129,0.8344999999999999,0.020970216975510773,0.025129079659090205,0.0005081590507943318,0.11690685126925723,-0.7754999999999999,0.028368115905008588,-0.03658042025146176,0.0014354428132902464,,0.6554999999999999,0.08040366907050946,0.12266005960413344,0.002982147791997832,1.0097627080362994
openai_gpt-5-nano,cambridge,amazement,0.8627500000000001,0.024185481181899206,0.02803301209145083,0.004346468142766898,0.4393204660590187,0.8899999999999999,0.018841443681416787,0.021170161439794145,4.651995235232093e-05,0.6818546107829633,0.5674999999999999,0.0746240577829965,0.13149613706254892,0.0009597024068173797,0.639031861477548,-0.49349999999999994,0.1007608554945818,-0.20417599897584968,0.007991756590080617,
openai_gpt-5-nano,cambridge,anger,0.7975,0.0192028643696715,0.02407882679582633,0.0028622305061104273,0.6615632402126089,0.83025,0.018505066873697046,0.022288547875576086,2.5357785644103083e-05,2.3695592492877317e-09,-0.775,0.040311288741492764,-0.052014566118055175,0.017069255958996853,,0.39699999999999996,0.1081249277456406,0.2723549817270544,0.012141636794763034,1.2240683395274372
openai_gpt-5-nano,cambridge,annoyance,0.4205,0.05305421755148219,0.12616936397498738,0.00015949289730241836,0.7795648472499559,0.5405,0.05215122242095576,0.09648699800361843,0.0036745280730359465,0.6128694542948135,-0.5434999999999999,0.05659284407060666,-0.10412666802319535,0.009676369346164726,,-0.119,0.2079879804219465,-1.747798154806273,0.0006609753747160989,0.6365141703524771
openai_gpt-5-nano,cambridge,anticipation,0.68325,0.033569889782362985,0.04913265976196558,0.06628938834015033,0.4637264418986659,0.706,0.029393876913398134,0.04163438656288688,0.0006801946084519105,0.7375081650466493,0.6315,0.05002749244165652,0.07922009887831595,0.007004278346129971,0.6881388157650129,0.275,0.05239274758971894,0.19051908214443247,0.037552137286661624,0.6128694542948133
openai_gpt-5-nano,cambridge,apprehension,0.5977499999999999,0.03581113653599953,0.05990988964617237,0.00027200407081858576,0.7769347928756456,0.6255,0.04159026328361003,0.06649122827115912,0.0005686732810557493,0.8256447110508397,-0.6124999999999999,0.025666125535421205,-0.04190387842517748,0.000383011459669066,,-0.5705,0.061763662456172395,-0.10826233559364136,0.0002707903516538849,
openai_gpt-5-nano,cambridge,awe,0.6082500000000001,0.033829535911685235,0.05561781489796175,0.0002058022494025285,0.7898378850711892,0.693,0.03249615361854383,0.04689199656355531,0.0010096634362207126,0.6719437059549951,0.2675,0.05068283733178323,0.1894685507730214,0.020690224900346,0.39439769331196195,-0.5725,0.04322904116447645,-0.07550924220869248,0.0009845160039039945,
openai_gpt-5-nano,cambridge,boredom,0.22949999999999998,0.03073678577860736,0.13392934979785343,8.414486271124386e-05,0.11690685126925729,0.229,0.030232432915661946,0.13201935771031417,4.2276422232233504e-05,2.369559249287734e-09,-0.5205,0.05370986873936668,-0.10318898893250084,0.000736356182914907,,-0.3805,0.04510820324508615,-0.1185498114194117,0.06473357916646627,
openai_gpt-5-nano,cambridge,contempt,0.34325,0.03157431709475282,0.09198635715878462,0.002741949839525096,0.8548913748899588,0.372,0.041605288125429456,0.1118421723801867,5.376578952915122e-06,0.9276428571311575,-0.7034999999999999,0.050127337850717754,-0.07125421158595276,0.042565411083530465,,0.6244999999999998,0.054632865566433535,0.08748257096306412,0.002545768619159587,1.0126631119394824
openai_gpt-5-nano,cambridge,disappointment,0.33575,0.01828763243287659,0.054468004267689024,0.017235979136048223,0.19851524546276617,0.33399999999999996,0.019209372712298542,0.057513091952989655,0.0544478927891808,0.32508297548929416,-0.625,0.03170173496829473,-0.05072277594927157,0.0002050574517124548,,-0.5080000000000001,0.0574108003776293,-0.11301338657013639,0.10351005590732049,
openai_gpt-5-nano,cambridge,disgust,0.6287499999999999,0.03957192818147733,0.06293746032839338,0.003673604964700907,0.6108643041156884,0.6727500000000001,0.033614542983655134,0.04996587585827593,0.002328517637517938,0.3767701633471644,-0.8425,0.028613807855648977,-0.03396297668326288,0.0001942308653356435,,-0.211,0.33421400329728856,-1.5839526222620313,0.008966517893127116,0.7963116419794555
openai_gpt-5-nano,cambridge,distraction,0.3857499999999999,0.024787849846245245,0.0642588460045243,0.00015646998896849651,0.6818546107829634,0.39375,0.028168022649806296,0.07153783530109536,4.74901185704409e-06,0.5623351466855896,-0.6164999999999999,0.0514076842505087,-0.08338634914924364,0.027858977432258847,,-0.38150000000000006,0.09204754206387045,-0.24127796084893954,0.1824126562273911,
openai_gpt-5-nano,cambridge,ecstasy,0.8932500000000001,0.023386694935368706,0.02618157843310238,0.021425515614541674,0.661563240212609,0.94025,0.012939764294607501,0.013762046577620314,0.0014424222062712204,2.3695592492877317e-09,0.9730000000000001,0.010049875621120901,0.010328751923043063,5.2399423466765686e-05,2.3695592492877317e-09,0.43150000000000005,0.21237408033938607,0.4921763159661322,0.0013978061640659313,1.4897673652631556
openai_gpt-5-nano,cambridge,fear,0.8085000000000001,0.029116146723081316,0.036012550059469774,0.06725521436287021,0.6108643041156884,0.84575,0.017012862780849076,0.020115711239549604,7.234907842554526e-08,2.3695592492877317e-09,-0.7725000000000001,0.036996621467371885,-0.047892066624429616,4.9225993130242585e-05,,-0.6824999999999999,0.060072872413428006,-0.0880188606790154,0.0014369465385753355,
openai_gpt-5-nano,cambridge,grief,0.46725000000000005,0.11160169129542796,0.23884792144553868,0.00932754813840386,1.441512881083197,0.37749999999999995,0.049686517285879486,0.13161991334007814,1.362440521693484e-06,0.7701110123262419,-0.9135,0.01681517172080023,-0.018407412940120667,0.0002587677086080133,,-0.7935000000000001,0.04497499305169486,-0.056679260304593394,0.010117903636075261,
openai_gpt-5-nano,cambridge,interest,0.54375,0.04731212846617661,0.08701081097227883,0.011611942392626397,0.49029327098920644,0.5965,0.020922475952907662,0.03507539975340765,7.858620285975282e-06,0.5004024256127487,0.4805,0.06383376849285963,0.13284863370002004,0.015907197356413855,0.6881388157650128,0.29700000000000004,0.05692978130996113,0.19168276535340445,0.05909750694047202,0.8018185543488332
openai_gpt-5-nano,cambridge,joy,0.7415,0.03725251669350677,0.05023940214903138,0.047583796870773555,0.6116510641393383,0.7877500000000001,0.023182698289888518,0.029429004493669968,0.0006096022782998366,0.6818546107829634,0.9409999999999998,0.01841195263952194,0.01956636837356211,3.897827580167768e-07,2.3695592492877317e-09,0.6235,0.07843946710680791,0.12580507956184106,0.003592537039726557,1.0250939133383137
openai_gpt-5-nano,cambridge,loathing,0.70975,0.04519333468554849,0.06367500484050509,0.1188546878241531,0.6931471826107685,0.74475,0.04080364567045451,0.05478837955079491,0.09191913045786405,0.8146222836556704,-0.9065,0.02197157254271983,-0.02423780754850505,0.003090948953735986,,0.161,0.285462782162579,1.7730607587737823,0.002104709534452137,1.197340135521369
openai_gpt-5-nano,cambridge,love,0.6495,0.06538157232737678,0.10066446855639227,0.01886891431704286,1.0864918882726264,0.6505000000000001,0.04236448984704052,0.06512604127139203,0.01432640266841951,0.74930574920094,0.9024999999999999,0.017571283390805582,0.019469566083995107,5.349114517756094e-06,0.1985152454627662,0.3785,0.08326313710160096,0.21998186816803425,0.11287185199076893,1.3138340347002142
openai_gpt-5-nano,cambridge,optimism,0.4065,0.061422715667739734,0.15110139155655533,0.027526592348234857,1.0584412127919678,0.48925,0.05836897720536141,0.11930296822761657,0.004499127157651363,0.6881388157650128,0.8630000000000001,0.024310491562286443,0.028169746885615805,0.025204270556756534,0.5004024256127483,0.5845,0.0617636624561724,0.10566922575906314,0.010583284333794976,1.0104127555586098
openai_gpt-5-nano,cambridge,pensiveness,0.24299999999999997,0.026191601707417595,0.10778436916632757,0.0006558751188779189,0.11690685126925726,0.2615,0.025548972582082437,0.09770161599266707,0.004279901975671045,2.369559249287734e-09,-0.20000000000000004,0.0223606797749979,-0.11180339887498948,6.468281686255937e-06,,-0.15050000000000002,0.1030279088402749,-0.6845708228589694,0.00016188500253711853,2.369559249287733e-09
openai_gpt-5-nano,cambridge,rage,0.9275,0.01391941090707503,0.015007451112749358,0.013874850559695107,2.3695592492877317e-09,0.9545,0.01071214264281427,0.011222779091476448,2.463751191896684e-05,2.3695592492877317e-09,-0.9075,0.015124483462254153,-0.016666097479067936,3.8785130485334656e-07,,-0.0455,0.4633516483190709,-10.18355271030925,0.03687167508497171,1.4184836632105098
openai_gpt-5-nano,cambridge,remorse,0.38249999999999995,0.03120496755325985,0.08158161451832642,0.055610842689203056,0.6818546107829634,0.3655,0.026828156850592633,0.07340124993322199,0.02478340425820118,0.6719437059549951,-0.7530000000000001,0.02685144316419513,-0.03565928707064426,0.007122635007815284,,-0.5755,0.0532423703454307,-0.09251497887998385,3.705135872174603e-05,
openai_gpt-5-nano,cambridge,sadness,0.29525,0.014997916521970637,0.05079734639109445,8.700845580898876e-07,0.2663844653742393,0.26875,0.024206145913796356,0.09006938014435854,4.7223142420710586e-05,2.369559249287734e-09,-0.7775000000000001,0.03344772040064916,-0.04301957607800535,1.961998557801659e-05,,-0.5819999999999999,0.06297618597533514,-0.10820650511225971,0.000482414302579845,
openai_gpt-5-nano,cambridge,serenity,0.151,0.027276363393971714,0.18063816817199813,0.001486566106383253,0.3250829754892942,0.14275,0.029324690961713473,0.20542690691217846,0.00015536870840451674,0.3767701633471643,0.8145,0.03169779172119091,0.03891687135812266,0.023870414457750268,0.5004024256127483,0.4875,0.10610725705624476,0.21765591191024566,0.0040473758883566475,1.1648213782545351
openai_gpt-5-nano,cambridge,submission,0.319,0.02615339366124404,0.08198556006659573,0.04164342717493665,0.6615632402126088,0.3375,0.03215198283154556,0.09526513431569053,0.01015731222903127,0.8755614372405143,-0.41800000000000004,0.04955804677345546,-0.11855992051065899,0.13879601065962288,,-0.8215,0.026697378148424957,-0.03249833006503342,3.202186855969392e-05,
openai_gpt-5-nano,cambridge,surprise,0.757,0.04484417464955733,0.059239332430062526,0.00047040632048548736,0.8548913748899588,0.807,0.01951922129594311,0.024187386983820457,2.7714195465822994e-05,0.42270908989059125,0.0,0.0,,1.0,2.369559249287733e-09,-0.4600000000000001,0.04898979485566356,-0.10649955403405119,0.0009584797659833404,
openai_gpt-5-nano,cambridge,terror,0.93925,0.009588404455382518,0.010208575411639624,0.00210093063052711,2.3695592492877317e-09,0.9502500000000002,0.008799857953399009,0.009260571379530657,4.455415223428634e-05,2.3695592492877317e-09,-0.9490000000000001,0.00538516480713449,-0.005674567763050042,5.180657613310301e-07,,-0.9059999999999999,0.029051678092667902,-0.03206586985945685,0.012508586635562933,
openai_gpt-5-nano,cambridge,trust,0.27775,0.029873692440004804,0.10755604838885618,0.08326501277332264,0.42270908989059136,0.27549999999999997,0.031300958451779076,0.11361509419883514,0.002637602175307015,0.42270908989059136,0.7795,0.040308187753854675,0.05171031142252043,0.0018388212253087493,0.9433483941168151,0.4245,0.08731981447529535,0.20570038745652616,0.2980135894802831,1.1655244414619212
openai_gpt-5-nano,cambridge,vigilance,0.6535,0.027798381247835277,0.042537691274422765,0.08117929587025098,0.31412302776923523,0.7115,0.033282878481285236,0.04677846589077334,0.0018766383421184186,0.7534120000257067,-0.3075,0.056202757939446346,-0.18277319655104504,0.19358397948135975,,0.24300000000000005,0.18727252868480204,0.7706688423242881,0.00031938779324854587,1.1756286435917191
