model,emotion,definition_1,definition_2,dimension,mean_def1,mean_def2,diff,t_stat,p_val,significant
groq_llama-4-maverick-17b-128e-instruct,acceptance,cambridge,sentiwordnet,activity,0.4025,0.32999999999999996,0.07250000000000006,9.3522,0.0,True
groq_llama-4-maverick-17b-128e-instruct,acceptance,cambridge,sentiwordnet,arousal,0.4,0.2475,0.15250000000000002,19.0711,0.0,True
groq_llama-4-maverick-17b-128e-instruct,acceptance,cambridge,sentiwordnet,dominance,0.20000000000000004,0.20000000000000004,0.0,0.0,1.0,False
groq_llama-4-maverick-17b-128e-instruct,acceptance,cambridge,sentiwordnet,evaluation,0.5,0.755,-0.255,-32.0099,0.0,True
groq_llama-4-maverick-17b-128e-instruct,acceptance,cambridge,sentiwordnet,pleasure,0.5,0.6799999999999998,-0.17999999999999983,-13.0767,0.0,True
groq_llama-4-maverick-17b-128e-instruct,acceptance,cambridge,sentiwordnet,potency,0.39925,0.40049999999999997,-0.0012499999999999734,-0.8637,0.3919,False
groq_llama-4-maverick-17b-128e-instruct,acceptance,cambridge,sentiwordnet,unpredictability,0.46699999999999997,0.4000000000000001,0.06699999999999989,7.1875,0.0,True
groq_llama-4-maverick-17b-128e-instruct,acceptance,cambridge,sentiwordnet,valence,0.5,0.7149999999999999,-0.21499999999999986,-26.2458,0.0,True
groq_llama-4-maverick-17b-128e-instruct,admiration,cambridge,sentiwordnet,activity,0.6849999999999999,0.7,-0.015000000000000013,-2.6234,0.0124,True
groq_llama-4-maverick-17b-128e-instruct,admiration,cambridge,sentiwordnet,arousal,0.6,0.695,-0.09499999999999997,-27.2213,0.0,True
groq_llama-4-maverick-17b-128e-instruct,admiration,cambridge,sentiwordnet,dominance,0.20000000000000004,0.20000000000000004,0.0,0.0,1.0,False
groq_llama-4-maverick-17b-128e-instruct,admiration,cambridge,sentiwordnet,evaluation,0.7025,0.79875,-0.09624999999999995,-34.4354,0.0,True
groq_llama-4-maverick-17b-128e-instruct,admiration,cambridge,sentiwordnet,pleasure,0.7249999999999999,0.8000000000000002,-0.07500000000000029,-7.5498,0.0,True
groq_llama-4-maverick-17b-128e-instruct,admiration,cambridge,sentiwordnet,potency,0.595,0.6074999999999999,-0.012499999999999956,-1.3868,0.1707,False
groq_llama-4-maverick-17b-128e-instruct,admiration,cambridge,sentiwordnet,unpredictability,0.4000000000000001,0.4000000000000001,0.0,0.0,1.0,False
groq_llama-4-maverick-17b-128e-instruct,admiration,cambridge,sentiwordnet,valence,0.78,0.8000000000000002,-0.02000000000000013,-2.1794,0.0421,True
groq_llama-4-maverick-17b-128e-instruct,aggressiveness,cambridge,sentiwordnet,activity,0.7825,0.8,-0.01750000000000007,-2.8762,0.0065,True
groq_llama-4-maverick-17b-128e-instruct,aggressiveness,cambridge,sentiwordnet,arousal,0.7924999999999999,0.8,-0.007500000000000173,-1.7782,0.0832,False
groq_llama-4-maverick-17b-128e-instruct,aggressiveness,cambridge,sentiwordnet,dominance,0.6999999999999998,0.765,-0.06500000000000017,-5.9402,0.0,True
groq_llama-4-maverick-17b-128e-instruct,aggressiveness,cambridge,sentiwordnet,evaluation,-0.8,-0.8,0.0,,,False
groq_llama-4-maverick-17b-128e-instruct,aggressiveness,cambridge,sentiwordnet,pleasure,-0.735,-0.775,0.040000000000000036,2.7065,0.0102,True
groq_llama-4-maverick-17b-128e-instruct,aggressiveness,cambridge,sentiwordnet,potency,0.8,0.8,0.0,,,False
groq_llama-4-maverick-17b-128e-instruct,aggressiveness,cambridge,sentiwordnet,unpredictability,0.6999999999999998,0.6999999999999998,0.0,0.0,1.0,False
groq_llama-4-maverick-17b-128e-instruct,aggressiveness,cambridge,sentiwordnet,valence,-0.8000000000000002,-0.8000000000000002,0.0,0.0,1.0,False
groq_llama-4-maverick-17b-128e-instruct,amazement,cambridge,sentiwordnet,activity,0.8,0.8,0.0,,,False
groq_llama-4-maverick-17b-128e-instruct,amazement,cambridge,sentiwordnet,arousal,0.8,0.8,0.0,,,False
groq_llama-4-maverick-17b-128e-instruct,amazement,cambridge,sentiwordnet,dominance,-0.5,-0.38,-0.12,-4.1879,0.0005,True
groq_llama-4-maverick-17b-128e-instruct,amazement,cambridge,sentiwordnet,evaluation,0.7025,0.7050000000000001,-0.0025000000000000577,-0.2161,0.8295,False
groq_llama-4-maverick-17b-128e-instruct,amazement,cambridge,sentiwordnet,pleasure,0.8000000000000002,0.77,0.030000000000000138,2.8536,0.0102,True
groq_llama-4-maverick-17b-128e-instruct,amazement,cambridge,sentiwordnet,potency,0.8,0.8,0.0,,,False
groq_llama-4-maverick-17b-128e-instruct,amazement,cambridge,sentiwordnet,unpredictability,0.8000000000000002,0.8000000000000002,0.0,0.0,1.0,False
groq_llama-4-maverick-17b-128e-instruct,amazement,cambridge,sentiwordnet,valence,0.7249999999999999,0.6999999999999998,0.025000000000000022,2.5166,0.021,True
groq_llama-4-maverick-17b-128e-instruct,anger,cambridge,sentiwordnet,activity,0.8,0.8,0.0,,,False
groq_llama-4-maverick-17b-128e-instruct,anger,cambridge,sentiwordnet,arousal,0.8,0.8,0.0,,,False
groq_llama-4-maverick-17b-128e-instruct,anger,cambridge,sentiwordnet,dominance,0.175,-0.43,0.605,14.3071,0.0,True
groq_llama-4-maverick-17b-128e-instruct,anger,cambridge,sentiwordnet,evaluation,-0.8,-0.8,0.0,,,False
groq_llama-4-maverick-17b-128e-instruct,anger,cambridge,sentiwordnet,pleasure,-0.8000000000000002,-0.8000000000000002,0.0,0.0,1.0,False
groq_llama-4-maverick-17b-128e-instruct,anger,cambridge,sentiwordnet,potency,0.7875,0.8,-0.012500000000000067,-2.3604,0.0234,True
groq_llama-4-maverick-17b-128e-instruct,anger,cambridge,sentiwordnet,unpredictability,0.6999999999999998,0.6999999999999998,0.0,0.0,1.0,False
groq_llama-4-maverick-17b-128e-instruct,anger,cambridge,sentiwordnet,valence,-0.8000000000000002,-0.8000000000000002,0.0,0.0,1.0,False
groq_llama-4-maverick-17b-128e-instruct,annoyance,cambridge,sentiwordnet,activity,0.675,0.6125,0.0625,7.1635,0.0,True
groq_llama-4-maverick-17b-128e-instruct,annoyance,cambridge,sentiwordnet,arousal,0.6074999999999999,0.6674999999999999,-0.05999999999999994,-6.973,0.0,True
groq_llama-4-maverick-17b-128e-instruct,annoyance,cambridge,sentiwordnet,dominance,-0.49000000000000005,-0.45000000000000007,-0.03999999999999998,-1.9024,0.067,False
groq_llama-4-maverick-17b-128e-instruct,annoyance,cambridge,sentiwordnet,evaluation,-0.7175,-0.705,-0.012500000000000067,-1.7821,0.0796,False
groq_llama-4-maverick-17b-128e-instruct,annoyance,cambridge,sentiwordnet,pleasure,-0.6999999999999998,-0.6999999999999998,0.0,0.0,1.0,False
groq_llama-4-maverick-17b-128e-instruct,annoyance,cambridge,sentiwordnet,potency,0.6817500000000001,0.52,0.16175000000000006,9.614,0.0,True
groq_llama-4-maverick-17b-128e-instruct,annoyance,cambridge,sentiwordnet,unpredictability,0.6734999999999999,0.6249999999999999,0.04849999999999999,2.4064,0.0214,True
groq_llama-4-maverick-17b-128e-instruct,annoyance,cambridge,sentiwordnet,valence,-0.7299999999999999,-0.76,0.030000000000000138,1.9494,0.0587,False
groq_llama-4-maverick-17b-128e-instruct,anticipation,cambridge,sentiwordnet,activity,0.7,0.7,0.0,,,False
groq_llama-4-maverick-17b-128e-instruct,anticipation,cambridge,sentiwordnet,arousal,0.7,0.7,0.0,,,False
groq_llama-4-maverick-17b-128e-instruct,anticipation,cambridge,sentiwordnet,dominance,0.20000000000000004,0.5199999999999999,-0.31999999999999984,-23.2475,0.0,True
groq_llama-4-maverick-17b-128e-instruct,anticipation,cambridge,sentiwordnet,evaluation,0.6950000000000001,0.7,-0.004999999999999893,-1.0,0.3235,False
groq_llama-4-maverick-17b-128e-instruct,anticipation,cambridge,sentiwordnet,pleasure,0.6999999999999998,0.6999999999999998,0.0,0.0,1.0,False
groq_llama-4-maverick-17b-128e-instruct,anticipation,cambridge,sentiwordnet,potency,0.7,0.7,0.0,,,False
groq_llama-4-maverick-17b-128e-instruct,anticipation,cambridge,sentiwordnet,unpredictability,0.4000000000000001,0.33399999999999996,0.06600000000000011,5.9805,0.0,True
groq_llama-4-maverick-17b-128e-instruct,anticipation,cambridge,sentiwordnet,valence,0.6999999999999998,0.6099999999999999,0.08999999999999997,3.9428,0.0009,True
groq_llama-4-maverick-17b-128e-instruct,apprehension,cambridge,sentiwordnet,activity,0.6975,0.7224999999999999,-0.02499999999999991,-3.502,0.001,True
groq_llama-4-maverick-17b-128e-instruct,apprehension,cambridge,sentiwordnet,arousal,0.7,0.7,0.0,,,False
groq_llama-4-maverick-17b-128e-instruct,apprehension,cambridge,sentiwordnet,dominance,-0.5,-0.6999999999999998,0.19999999999999984,7852294263150164.0,0.0,True
groq_llama-4-maverick-17b-128e-instruct,apprehension,cambridge,sentiwordnet,evaluation,-0.725,-0.8,0.07500000000000007,10.8167,0.0,True
groq_llama-4-maverick-17b-128e-instruct,apprehension,cambridge,sentiwordnet,pleasure,-0.6999999999999998,-0.8000000000000002,0.10000000000000031,2776205260672863.5,0.0,True
groq_llama-4-maverick-17b-128e-instruct,apprehension,cambridge,sentiwordnet,potency,0.64925,0.6275000000000001,0.021749999999999936,2.1706,0.033,True
groq_llama-4-maverick-17b-128e-instruct,apprehension,cambridge,sentiwordnet,unpredictability,0.6984999999999999,0.6949999999999998,0.0035000000000000586,0.6705,0.5094,False
groq_llama-4-maverick-17b-128e-instruct,apprehension,cambridge,sentiwordnet,valence,-0.78,-0.7499999999999999,-0.030000000000000138,-2.0422,0.0485,True
groq_llama-4-maverick-17b-128e-instruct,awe,cambridge,sentiwordnet,activity,0.7975,0.8,-0.0025000000000000577,-1.0,0.3235,False
groq_llama-4-maverick-17b-128e-instruct,awe,cambridge,sentiwordnet,arousal,0.7975,0.8,-0.0025000000000000577,-1.0,0.3235,False
groq_llama-4-maverick-17b-128e-instruct,awe,cambridge,sentiwordnet,dominance,-0.25000000000000006,-0.51,0.25999999999999995,9.7903,0.0,True
groq_llama-4-maverick-17b-128e-instruct,awe,cambridge,sentiwordnet,evaluation,0.7,0.7975,-0.09750000000000003,-39.0,0.0,True
groq_llama-4-maverick-17b-128e-instruct,awe,cambridge,sentiwordnet,pleasure,0.6999999999999998,0.8000000000000002,-0.10000000000000031,-2776205260672863.5,0.0,True
groq_llama-4-maverick-17b-128e-instruct,awe,cambridge,sentiwordnet,potency,0.8,0.8,0.0,,,False
groq_llama-4-maverick-17b-128e-instruct,awe,cambridge,sentiwordnet,unpredictability,0.7049999999999998,0.7049999999999998,0.0,0.0,1.0,False
groq_llama-4-maverick-17b-128e-instruct,awe,cambridge,sentiwordnet,valence,0.51,0.7650000000000001,-0.2550000000000001,-17.2024,0.0,True
groq_llama-4-maverick-17b-128e-instruct,boredom,cambridge,sentiwordnet,activity,0.2,0.2,0.0,,,False
groq_llama-4-maverick-17b-128e-instruct,boredom,cambridge,sentiwordnet,arousal,0.205,0.2,0.004999999999999977,1.4327,0.1599,False
groq_llama-4-maverick-17b-128e-instruct,boredom,cambridge,sentiwordnet,dominance,-0.5,-0.5,0.0,,,False
groq_llama-4-maverick-17b-128e-instruct,boredom,cambridge,sentiwordnet,evaluation,-0.71,-0.71,0.0,0.0,1.0,False
groq_llama-4-maverick-17b-128e-instruct,boredom,cambridge,sentiwordnet,pleasure,-0.6999999999999998,-0.6999999999999998,0.0,0.0,1.0,False
groq_llama-4-maverick-17b-128e-instruct,boredom,cambridge,sentiwordnet,potency,0.2,0.20249999999999999,-0.0024999999999999745,-1.0,0.3235,False
groq_llama-4-maverick-17b-128e-instruct,boredom,cambridge,sentiwordnet,unpredictability,0.41000000000000003,0.39500000000000013,0.014999999999999902,1.7633,0.0867,False
groq_llama-4-maverick-17b-128e-instruct,boredom,cambridge,sentiwordnet,valence,-0.6599999999999998,-0.6999999999999998,0.040000000000000036,2.1794,0.0421,True
groq_llama-4-maverick-17b-128e-instruct,contempt,cambridge,sentiwordnet,activity,0.7825,0.7975,-0.015000000000000013,-2.2804,0.0267,True
groq_llama-4-maverick-17b-128e-instruct,contempt,cambridge,sentiwordnet,arousal,0.705,0.7,0.0050000000000000044,1.4327,0.1599,False
groq_llama-4-maverick-17b-128e-instruct,contempt,cambridge,sentiwordnet,dominance,0.6199999999999999,0.6899999999999998,-0.06999999999999995,-2.8453,0.0085,True
groq_llama-4-maverick-17b-128e-instruct,contempt,cambridge,sentiwordnet,evaluation,-0.8,-0.8225,0.022499999999999964,3.3649,0.0017,True
groq_llama-4-maverick-17b-128e-instruct,contempt,cambridge,sentiwordnet,pleasure,-0.8000000000000002,-0.8000000000000002,0.0,0.0,1.0,False
groq_llama-4-maverick-17b-128e-instruct,contempt,cambridge,sentiwordnet,potency,0.8,0.8,0.0,,,False
groq_llama-4-maverick-17b-128e-instruct,contempt,cambridge,sentiwordnet,unpredictability,0.6999999999999998,0.6999999999999998,0.0,0.0,1.0,False
groq_llama-4-maverick-17b-128e-instruct,contempt,cambridge,sentiwordnet,valence,-0.8000000000000002,-0.8000000000000002,0.0,0.0,1.0,False
groq_llama-4-maverick-17b-128e-instruct,disappointment,cambridge,sentiwordnet,activity,0.5974999999999999,0.6,-0.0025000000000000577,-0.206,0.8374,False
groq_llama-4-maverick-17b-128e-instruct,disappointment,cambridge,sentiwordnet,arousal,0.40750000000000003,0.48250000000000004,-0.07500000000000001,-4.8998,0.0,True
groq_llama-4-maverick-17b-128e-instruct,disappointment,cambridge,sentiwordnet,dominance,-0.5,-0.51,0.010000000000000009,1.0,0.3299,False
groq_llama-4-maverick-17b-128e-instruct,disappointment,cambridge,sentiwordnet,evaluation,-0.7375,-0.7925,0.05499999999999994,6.2321,0.0,True
groq_llama-4-maverick-17b-128e-instruct,disappointment,cambridge,sentiwordnet,pleasure,-0.6999999999999998,-0.6999999999999998,0.0,0.0,1.0,False
groq_llama-4-maverick-17b-128e-instruct,disappointment,cambridge,sentiwordnet,potency,0.3975,0.4,-0.0025000000000000022,-1.0,0.3235,False
groq_llama-4-maverick-17b-128e-instruct,disappointment,cambridge,sentiwordnet,unpredictability,0.41500000000000004,0.565,-0.1499999999999999,-7.0711,0.0,True
groq_llama-4-maverick-17b-128e-instruct,disappointment,cambridge,sentiwordnet,valence,-0.735,-0.7249999999999999,-0.01000000000000012,-0.6766,0.5028,False
groq_llama-4-maverick-17b-128e-instruct,disgust,cambridge,sentiwordnet,activity,0.795,0.7725,0.022500000000000075,2.828,0.0065,True
groq_llama-4-maverick-17b-128e-instruct,disgust,cambridge,sentiwordnet,arousal,0.725,0.7025,0.022499999999999964,3.0526,0.0037,True
groq_llama-4-maverick-17b-128e-instruct,disgust,cambridge,sentiwordnet,dominance,-0.4800000000000001,-0.47000000000000003,-0.010000000000000064,-0.4673,0.643,False
groq_llama-4-maverick-17b-128e-instruct,disgust,cambridge,sentiwordnet,evaluation,-0.8,-0.8,0.0,,,False
groq_llama-4-maverick-17b-128e-instruct,disgust,cambridge,sentiwordnet,pleasure,-0.8000000000000002,-0.8000000000000002,0.0,0.0,1.0,False
groq_llama-4-maverick-17b-128e-instruct,disgust,cambridge,sentiwordnet,potency,0.7025,0.7075,-0.0050000000000000044,-1.0198,0.3117,False
groq_llama-4-maverick-17b-128e-instruct,disgust,cambridge,sentiwordnet,unpredictability,0.6899999999999998,0.6949999999999998,-0.0050000000000000044,-0.5878,0.5605,False
groq_llama-4-maverick-17b-128e-instruct,disgust,cambridge,sentiwordnet,valence,-0.8000000000000002,-0.805,0.004999999999999893,1.0,0.3299,False
groq_llama-4-maverick-17b-128e-instruct,distraction,cambridge,sentiwordnet,activity,0.3975000000000001,0.77,-0.37249999999999994,-31.8226,0.0,True
groq_llama-4-maverick-17b-128e-instruct,distraction,cambridge,sentiwordnet,arousal,0.3875,0.7749999999999999,-0.3874999999999999,-44.4137,0.0,True
groq_llama-4-maverick-17b-128e-instruct,distraction,cambridge,sentiwordnet,dominance,-0.5,-0.5349999999999999,0.03499999999999992,1.7887,0.0896,False
groq_llama-4-maverick-17b-128e-instruct,distraction,cambridge,sentiwordnet,evaluation,-0.7,-0.8,0.10000000000000009,16.1245,0.0,True
groq_llama-4-maverick-17b-128e-instruct,distraction,cambridge,sentiwordnet,pleasure,-0.7199999999999999,-0.8000000000000002,0.0800000000000003,8.7178,0.0,True
groq_llama-4-maverick-17b-128e-instruct,distraction,cambridge,sentiwordnet,potency,0.36,0.7,-0.33999999999999997,-36.4143,0.0,True
groq_llama-4-maverick-17b-128e-instruct,distraction,cambridge,sentiwordnet,unpredictability,0.6999999999999998,0.6999999999999998,0.0,0.0,1.0,False
groq_llama-4-maverick-17b-128e-instruct,distraction,cambridge,sentiwordnet,valence,-0.6399999999999999,-0.7700000000000001,0.13000000000000023,5.53,0.0,True
groq_llama-4-maverick-17b-128e-instruct,ecstasy,cambridge,sentiwordnet,activity,0.8149999999999998,0.8,0.014999999999999791,2.6234,0.0124,True
groq_llama-4-maverick-17b-128e-instruct,ecstasy,cambridge,sentiwordnet,arousal,0.8025,0.8,0.0024999999999999467,1.0,0.3235,False
groq_llama-4-maverick-17b-128e-instruct,ecstasy,cambridge,sentiwordnet,dominance,0.5599999999999999,-0.35500000000000004,0.915,12.4958,0.0,True
groq_llama-4-maverick-17b-128e-instruct,ecstasy,cambridge,sentiwordnet,evaluation,0.9100000000000001,0.8,0.1100000000000001,22.8983,0.0,True
groq_llama-4-maverick-17b-128e-instruct,ecstasy,cambridge,sentiwordnet,pleasure,0.9499999999999998,0.8999999999999998,0.050000000000000044,4.3589,0.0003,True
groq_llama-4-maverick-17b-128e-instruct,ecstasy,cambridge,sentiwordnet,potency,0.8550000000000001,0.805,0.050000000000000044,5.749,0.0,True
groq_llama-4-maverick-17b-128e-instruct,ecstasy,cambridge,sentiwordnet,unpredictability,0.6999999999999998,0.7049999999999998,-0.0050000000000000044,-1.0,0.3299,False
groq_llama-4-maverick-17b-128e-instruct,ecstasy,cambridge,sentiwordnet,valence,0.9199999999999999,0.8899999999999999,0.030000000000000027,2.6153,0.013,True
groq_llama-4-maverick-17b-128e-instruct,fear,cambridge,sentiwordnet,activity,0.7,0.7025,-0.0025000000000000577,-1.0,0.3235,False
groq_llama-4-maverick-17b-128e-instruct,fear,cambridge,sentiwordnet,arousal,0.73,0.7949999999999999,-0.06499999999999995,-7.9994,0.0,True
groq_llama-4-maverick-17b-128e-instruct,fear,cambridge,sentiwordnet,dominance,-0.51,-0.5,-0.010000000000000009,-1.0,0.3299,False
groq_llama-4-maverick-17b-128e-instruct,fear,cambridge,sentiwordnet,evaluation,-0.8,-0.8,0.0,,,False
groq_llama-4-maverick-17b-128e-instruct,fear,cambridge,sentiwordnet,pleasure,-0.8000000000000002,-0.8000000000000002,0.0,0.0,1.0,False
groq_llama-4-maverick-17b-128e-instruct,fear,cambridge,sentiwordnet,potency,0.7025,0.715,-0.012499999999999956,-2.0031,0.0503,False
groq_llama-4-maverick-17b-128e-instruct,fear,cambridge,sentiwordnet,unpredictability,0.6999999999999998,0.6969999999999998,0.0030000000000000027,1.453,0.1625,False
groq_llama-4-maverick-17b-128e-instruct,fear,cambridge,sentiwordnet,valence,-0.8000000000000002,-0.8000000000000002,0.0,0.0,1.0,False
groq_llama-4-maverick-17b-128e-instruct,grief,cambridge,sentiwordnet,activity,0.7925,0.705,0.08750000000000002,15.9838,0.0,True
groq_llama-4-maverick-17b-128e-instruct,grief,cambridge,sentiwordnet,arousal,0.7,0.7,0.0,,,False
groq_llama-4-maverick-17b-128e-instruct,grief,cambridge,sentiwordnet,dominance,-0.7099999999999997,-0.6999999999999998,-0.009999999999999898,-1.453,0.1625,False
groq_llama-4-maverick-17b-128e-instruct,grief,cambridge,sentiwordnet,evaluation,-0.8975,-0.8375000000000001,-0.05999999999999983,-7.3662,0.0,True
groq_llama-4-maverick-17b-128e-instruct,grief,cambridge,sentiwordnet,pleasure,-0.8000000000000002,-0.8000000000000002,0.0,0.0,1.0,False
groq_llama-4-maverick-17b-128e-instruct,grief,cambridge,sentiwordnet,potency,0.6125,0.71,-0.09749999999999992,-4.6708,0.0,True
groq_llama-4-maverick-17b-128e-instruct,grief,cambridge,sentiwordnet,unpredictability,0.6999999999999998,0.6999999999999998,0.0,0.0,1.0,False
groq_llama-4-maverick-17b-128e-instruct,grief,cambridge,sentiwordnet,valence,-0.875,-0.805,-0.06999999999999995,-6.2942,0.0,True
groq_llama-4-maverick-17b-128e-instruct,interest,cambridge,sentiwordnet,activity,0.7,0.775,-0.07500000000000007,-10.8167,0.0,True
groq_llama-4-maverick-17b-128e-instruct,interest,cambridge,sentiwordnet,arousal,0.6674999999999999,0.7,-0.032500000000000084,-4.3333,0.0001,True
groq_llama-4-maverick-17b-128e-instruct,interest,cambridge,sentiwordnet,dominance,0.20000000000000004,0.20000000000000004,0.0,0.0,1.0,False
groq_llama-4-maverick-17b-128e-instruct,interest,cambridge,sentiwordnet,evaluation,0.505,0.505,0.0,0.0,1.0,False
groq_llama-4-maverick-17b-128e-instruct,interest,cambridge,sentiwordnet,pleasure,0.6199999999999999,0.5999999999999999,0.020000000000000018,0.6227,0.5372,False
groq_llama-4-maverick-17b-128e-instruct,interest,cambridge,sentiwordnet,potency,0.5967500000000001,0.7,-0.10324999999999984,-23.7524,0.0,True
groq_llama-4-maverick-17b-128e-instruct,interest,cambridge,sentiwordnet,unpredictability,0.5,0.5,0.0,,,False
groq_llama-4-maverick-17b-128e-instruct,interest,cambridge,sentiwordnet,valence,0.53,0.57,-0.039999999999999925,-1.4632,0.1523,False
groq_llama-4-maverick-17b-128e-instruct,joy,cambridge,sentiwordnet,activity,0.8,0.7975,0.0025000000000000577,1.0,0.3235,False
groq_llama-4-maverick-17b-128e-instruct,joy,cambridge,sentiwordnet,arousal,0.7925,0.7699999999999999,0.022500000000000075,2.6584,0.01,True
groq_llama-4-maverick-17b-128e-instruct,joy,cambridge,sentiwordnet,dominance,0.385,0.26000000000000006,0.12499999999999994,2.926,0.0058,True
groq_llama-4-maverick-17b-128e-instruct,joy,cambridge,sentiwordnet,evaluation,0.8,0.8,0.0,,,False
groq_llama-4-maverick-17b-128e-instruct,joy,cambridge,sentiwordnet,pleasure,0.8000000000000002,0.8000000000000002,0.0,0.0,1.0,False
groq_llama-4-maverick-17b-128e-instruct,joy,cambridge,sentiwordnet,potency,0.7,0.7,0.0,,,False
groq_llama-4-maverick-17b-128e-instruct,joy,cambridge,sentiwordnet,unpredictability,0.39500000000000013,0.4000000000000001,-0.004999999999999949,-1.0,0.3299,False
groq_llama-4-maverick-17b-128e-instruct,joy,cambridge,sentiwordnet,valence,0.8300000000000001,0.8000000000000002,0.029999999999999916,2.8536,0.0102,True
groq_llama-4-maverick-17b-128e-instruct,loathing,cambridge,sentiwordnet,activity,0.8,0.8,0.0,,,False
groq_llama-4-maverick-17b-128e-instruct,loathing,cambridge,sentiwordnet,arousal,0.7725,0.8,-0.02750000000000008,-3.8462,0.0004,True
groq_llama-4-maverick-17b-128e-instruct,loathing,cambridge,sentiwordnet,dominance,-0.3,-0.43,0.13,1.4482,0.1572,False
groq_llama-4-maverick-17b-128e-instruct,loathing,cambridge,sentiwordnet,evaluation,-0.8699999999999999,-0.9,0.030000000000000138,4.0883,0.0002,True
groq_llama-4-maverick-17b-128e-instruct,loathing,cambridge,sentiwordnet,pleasure,-0.8000000000000002,-0.8799999999999999,0.07999999999999974,8.7178,0.0,True
groq_llama-4-maverick-17b-128e-instruct,loathing,cambridge,sentiwordnet,potency,0.8,0.8,0.0,,,False
groq_llama-4-maverick-17b-128e-instruct,loathing,cambridge,sentiwordnet,unpredictability,0.6999999999999998,0.6999999999999998,0.0,0.0,1.0,False
groq_llama-4-maverick-17b-128e-instruct,loathing,cambridge,sentiwordnet,valence,-0.86,-0.8999999999999998,0.039999999999999813,3.559,0.0021,True
groq_llama-4-maverick-17b-128e-instruct,love,cambridge,sentiwordnet,activity,0.8,0.6925,0.10750000000000004,25.4882,0.0,True
groq_llama-4-maverick-17b-128e-instruct,love,cambridge,sentiwordnet,arousal,0.7925,0.41,0.3825,46.9029,0.0,True
groq_llama-4-maverick-17b-128e-instruct,love,cambridge,sentiwordnet,dominance,0.20000000000000004,0.20000000000000004,0.0,0.0,1.0,False
groq_llama-4-maverick-17b-128e-instruct,love,cambridge,sentiwordnet,evaluation,0.8,0.8,0.0,,,False
groq_llama-4-maverick-17b-128e-instruct,love,cambridge,sentiwordnet,pleasure,0.8000000000000002,0.8000000000000002,0.0,0.0,1.0,False
groq_llama-4-maverick-17b-128e-instruct,love,cambridge,sentiwordnet,potency,0.8,0.6725,0.12750000000000006,13.4709,0.0,True
groq_llama-4-maverick-17b-128e-instruct,love,cambridge,sentiwordnet,unpredictability,0.6999999999999998,0.6999999999999998,0.0,0.0,1.0,False
groq_llama-4-maverick-17b-128e-instruct,love,cambridge,sentiwordnet,valence,0.8000000000000002,0.8000000000000002,0.0,0.0,1.0,False
groq_llama-4-maverick-17b-128e-instruct,optimism,cambridge,sentiwordnet,activity,0.7,0.7025,-0.0025000000000000577,-1.0,0.3235,False
groq_llama-4-maverick-17b-128e-instruct,optimism,cambridge,sentiwordnet,arousal,0.6475,0.6674999999999999,-0.019999999999999907,-1.8243,0.072,False
groq_llama-4-maverick-17b-128e-instruct,optimism,cambridge,sentiwordnet,dominance,0.5,0.5,0.0,,,False
groq_llama-4-maverick-17b-128e-instruct,optimism,cambridge,sentiwordnet,evaluation,0.79125,0.8,-0.008750000000000036,-2.0143,0.0509,False
groq_llama-4-maverick-17b-128e-instruct,optimism,cambridge,sentiwordnet,pleasure,0.7950000000000002,0.8000000000000002,-0.0050000000000000044,-1.0,0.3299,False
groq_llama-4-maverick-17b-128e-instruct,optimism,cambridge,sentiwordnet,potency,0.7,0.7,0.0,,,False
groq_llama-4-maverick-17b-128e-instruct,optimism,cambridge,sentiwordnet,unpredictability,0.4000000000000001,0.4000000000000001,0.0,0.0,1.0,False
groq_llama-4-maverick-17b-128e-instruct,optimism,cambridge,sentiwordnet,valence,0.8000000000000002,0.8000000000000002,0.0,0.0,1.0,False
groq_llama-4-maverick-17b-128e-instruct,pensiveness,cambridge,sentiwordnet,activity,0.205,0.39,-0.18500000000000003,-31.1568,0.0,True
groq_llama-4-maverick-17b-128e-instruct,pensiveness,cambridge,sentiwordnet,arousal,0.3,0.34,-0.040000000000000036,-5.099,0.0,True
groq_llama-4-maverick-17b-128e-instruct,pensiveness,cambridge,sentiwordnet,dominance,0.20000000000000004,0.20000000000000004,0.0,0.0,1.0,False
groq_llama-4-maverick-17b-128e-instruct,pensiveness,cambridge,sentiwordnet,evaluation,-0.22249999999999998,-0.30250000000000005,0.08000000000000007,5.2699,0.0,True
groq_llama-4-maverick-17b-128e-instruct,pensiveness,cambridge,sentiwordnet,pleasure,-0.085,-0.29999999999999993,0.2149999999999999,4.6129,0.0001,True
groq_llama-4-maverick-17b-128e-instruct,pensiveness,cambridge,sentiwordnet,potency,0.4,0.6975,-0.2975,-119.0,0.0,True
groq_llama-4-maverick-17b-128e-instruct,pensiveness,cambridge,sentiwordnet,unpredictability,0.4000000000000001,0.4000000000000001,0.0,0.0,1.0,False
groq_llama-4-maverick-17b-128e-instruct,pensiveness,cambridge,sentiwordnet,valence,-0.20000000000000004,-0.225,0.024999999999999967,2.5166,0.021,True
groq_llama-4-maverick-17b-128e-instruct,rage,cambridge,sentiwordnet,activity,0.885,0.8,0.08499999999999996,14.8661,0.0,True
groq_llama-4-maverick-17b-128e-instruct,rage,cambridge,sentiwordnet,arousal,0.9,0.8800000000000001,0.019999999999999907,3.1225,0.0034,True
groq_llama-4-maverick-17b-128e-instruct,rage,cambridge,sentiwordnet,dominance,-0.765,-0.40499999999999997,-0.36000000000000004,-3.3783,0.0031,True
groq_llama-4-maverick-17b-128e-instruct,rage,cambridge,sentiwordnet,evaluation,-0.8975,-0.9,0.0025000000000000577,1.0,0.3235,False
groq_llama-4-maverick-17b-128e-instruct,rage,cambridge,sentiwordnet,pleasure,-0.8999999999999998,-0.8550000000000001,-0.04499999999999971,-3.9428,0.0009,True
groq_llama-4-maverick-17b-128e-instruct,rage,cambridge,sentiwordnet,potency,0.8625,0.8100000000000002,0.05249999999999988,5.7566,0.0,True
groq_llama-4-maverick-17b-128e-instruct,rage,cambridge,sentiwordnet,unpredictability,0.8000000000000002,0.8000000000000002,0.0,0.0,1.0,False
groq_llama-4-maverick-17b-128e-instruct,rage,cambridge,sentiwordnet,valence,-0.8999999999999998,-0.8949999999999999,-0.004999999999999893,-1.0,0.3299,False
groq_llama-4-maverick-17b-128e-instruct,remorse,cambridge,sentiwordnet,activity,0.7,0.7375,-0.03750000000000009,-4.8374,0.0,True
groq_llama-4-maverick-17b-128e-instruct,remorse,cambridge,sentiwordnet,arousal,0.605,0.7,-0.09499999999999997,-27.2213,0.0,True
groq_llama-4-maverick-17b-128e-instruct,remorse,cambridge,sentiwordnet,dominance,-0.47000000000000003,-0.5,0.02999999999999997,1.8311,0.0828,False
groq_llama-4-maverick-17b-128e-instruct,remorse,cambridge,sentiwordnet,evaluation,-0.8,-0.8074999999999999,0.00749999999999984,1.7782,0.0832,False
groq_llama-4-maverick-17b-128e-instruct,remorse,cambridge,sentiwordnet,pleasure,-0.8000000000000002,-0.8000000000000002,0.0,0.0,1.0,False
groq_llama-4-maverick-17b-128e-instruct,remorse,cambridge,sentiwordnet,potency,0.5025000000000001,0.7,-0.1974999999999999,-11.8993,0.0,True
groq_llama-4-maverick-17b-128e-instruct,remorse,cambridge,sentiwordnet,unpredictability,0.4000000000000001,0.4250000000000001,-0.025000000000000022,-1.4217,0.1713,False
groq_llama-4-maverick-17b-128e-instruct,remorse,cambridge,sentiwordnet,valence,-0.8000000000000002,-0.8000000000000002,0.0,0.0,1.0,False
groq_llama-4-maverick-17b-128e-instruct,sadness,cambridge,sentiwordnet,activity,0.40499999999999997,0.4,0.004999999999999949,1.0,0.3235,False
groq_llama-4-maverick-17b-128e-instruct,sadness,cambridge,sentiwordnet,arousal,0.39,0.395,-0.0050000000000000044,-0.8421,0.4026,False
groq_llama-4-maverick-17b-128e-instruct,sadness,cambridge,sentiwordnet,dominance,-0.5,-0.515,0.015000000000000013,1.3708,0.1864,False
groq_llama-4-maverick-17b-128e-instruct,sadness,cambridge,sentiwordnet,evaluation,-0.8,-0.8,0.0,,,False
groq_llama-4-maverick-17b-128e-instruct,sadness,cambridge,sentiwordnet,pleasure,-0.7950000000000002,-0.7650000000000002,-0.029999999999999916,-2.4936,0.0192,True
groq_llama-4-maverick-17b-128e-instruct,sadness,cambridge,sentiwordnet,potency,0.35750000000000004,0.39625,-0.03874999999999995,-4.7303,0.0,True
groq_llama-4-maverick-17b-128e-instruct,sadness,cambridge,sentiwordnet,unpredictability,0.555,0.5834999999999999,-0.02849999999999986,-0.8483,0.4018,False
groq_llama-4-maverick-17b-128e-instruct,sadness,cambridge,sentiwordnet,valence,-0.8000000000000002,-0.8000000000000002,0.0,0.0,1.0,False
groq_llama-4-maverick-17b-128e-instruct,serenity,cambridge,sentiwordnet,activity,0.2,0.2,0.0,,,False
groq_llama-4-maverick-17b-128e-instruct,serenity,cambridge,sentiwordnet,arousal,0.2,0.2,0.0,,,False
groq_llama-4-maverick-17b-128e-instruct,serenity,cambridge,sentiwordnet,dominance,0.20000000000000004,0.20000000000000004,0.0,0.0,1.0,False
groq_llama-4-maverick-17b-128e-instruct,serenity,cambridge,sentiwordnet,evaluation,0.8,0.8,0.0,,,False
groq_llama-4-maverick-17b-128e-instruct,serenity,cambridge,sentiwordnet,pleasure,0.8000000000000002,0.735,0.06500000000000017,3.901,0.001,True
groq_llama-4-maverick-17b-128e-instruct,serenity,cambridge,sentiwordnet,potency,0.205,0.2,0.004999999999999977,1.4327,0.1599,False
groq_llama-4-maverick-17b-128e-instruct,serenity,cambridge,sentiwordnet,unpredictability,0.24000000000000005,0.20000000000000004,0.04000000000000001,3.559,0.0021,True
groq_llama-4-maverick-17b-128e-instruct,serenity,cambridge,sentiwordnet,valence,0.8000000000000002,0.8000000000000002,0.0,0.0,1.0,False
groq_llama-4-maverick-17b-128e-instruct,submission,cambridge,sentiwordnet,activity,0.39,0.205,0.18500000000000003,31.1568,0.0,True
groq_llama-4-maverick-17b-128e-instruct,submission,cambridge,sentiwordnet,arousal,0.33,0.2,0.13,17.716,0.0,True
groq_llama-4-maverick-17b-128e-instruct,submission,cambridge,sentiwordnet,dominance,-0.52,-0.6899999999999998,0.16999999999999982,9.9918,0.0,True
groq_llama-4-maverick-17b-128e-instruct,submission,cambridge,sentiwordnet,evaluation,-0.5,-0.495,-0.0050000000000000044,-1.0,0.3235,False
groq_llama-4-maverick-17b-128e-instruct,submission,cambridge,sentiwordnet,pleasure,-0.49000000000000005,-0.13999999999999999,-0.3500000000000001,-4.7467,0.0001,True
groq_llama-4-maverick-17b-128e-instruct,submission,cambridge,sentiwordnet,potency,0.2975,0.28250000000000003,0.014999999999999958,2.2804,0.0267,True
groq_llama-4-maverick-17b-128e-instruct,submission,cambridge,sentiwordnet,unpredictability,0.4000000000000001,0.33999999999999997,0.06000000000000011,5.3385,0.0,True
groq_llama-4-maverick-17b-128e-instruct,submission,cambridge,sentiwordnet,valence,-0.5,-0.2899999999999999,-0.21000000000000008,-30.5123,0.0,True
groq_llama-4-maverick-17b-128e-instruct,surprise,cambridge,sentiwordnet,activity,0.7925000000000001,0.8,-0.007499999999999951,-1.7782,0.0832,False
groq_llama-4-maverick-17b-128e-instruct,surprise,cambridge,sentiwordnet,arousal,0.8,0.8,0.0,,,False
groq_llama-4-maverick-17b-128e-instruct,surprise,cambridge,sentiwordnet,dominance,-0.4600000000000001,-0.5,0.039999999999999925,2.1794,0.0421,True
groq_llama-4-maverick-17b-128e-instruct,surprise,cambridge,sentiwordnet,evaluation,0.065,0.0,0.065,4.3333,0.0001,True
groq_llama-4-maverick-17b-128e-instruct,surprise,cambridge,sentiwordnet,pleasure,0.20000000000000004,0.20000000000000004,0.0,0.0,1.0,False
groq_llama-4-maverick-17b-128e-instruct,surprise,cambridge,sentiwordnet,potency,0.7,0.7975,-0.09750000000000003,-39.0,0.0,True
groq_llama-4-maverick-17b-128e-instruct,surprise,cambridge,sentiwordnet,unpredictability,0.6899999999999998,0.8000000000000002,-0.11000000000000032,-11.0,0.0,True
groq_llama-4-maverick-17b-128e-instruct,surprise,cambridge,sentiwordnet,valence,0.19000000000000003,0.04,0.15000000000000002,7.1768,0.0,True
groq_llama-4-maverick-17b-128e-instruct,terror,cambridge,sentiwordnet,activity,0.8825,0.8800000000000001,0.0024999999999998357,0.283,0.7779,False
groq_llama-4-maverick-17b-128e-instruct,terror,cambridge,sentiwordnet,arousal,0.8850000000000001,0.9,-0.014999999999999902,-2.6234,0.0124,True
groq_llama-4-maverick-17b-128e-instruct,terror,cambridge,sentiwordnet,dominance,-0.8000000000000002,-0.8000000000000002,0.0,0.0,1.0,False
groq_llama-4-maverick-17b-128e-instruct,terror,cambridge,sentiwordnet,evaluation,-0.9,-0.9,0.0,,,False
groq_llama-4-maverick-17b-128e-instruct,terror,cambridge,sentiwordnet,pleasure,-0.9099999999999998,-0.8999999999999998,-0.010000000000000009,-1.453,0.1625,False
groq_llama-4-maverick-17b-128e-instruct,terror,cambridge,sentiwordnet,potency,0.9,0.9,0.0,,,False
groq_llama-4-maverick-17b-128e-instruct,terror,cambridge,sentiwordnet,unpredictability,0.8000000000000002,0.8000000000000002,0.0,0.0,1.0,False
groq_llama-4-maverick-17b-128e-instruct,terror,cambridge,sentiwordnet,valence,-0.8999999999999998,-0.8999999999999998,0.0,0.0,1.0,False
groq_llama-4-maverick-17b-128e-instruct,trust,cambridge,sentiwordnet,activity,0.3,0.4725,-0.1725,-9.8366,0.0,True
groq_llama-4-maverick-17b-128e-instruct,trust,cambridge,sentiwordnet,arousal,0.27,0.4,-0.13,-17.716,0.0,True
groq_llama-4-maverick-17b-128e-instruct,trust,cambridge,sentiwordnet,dominance,0.20000000000000004,0.22000000000000003,-0.01999999999999999,-1.7097,0.1036,False
groq_llama-4-maverick-17b-128e-instruct,trust,cambridge,sentiwordnet,evaluation,0.7375,0.7275,0.010000000000000009,0.9482,0.346,False
groq_llama-4-maverick-17b-128e-instruct,trust,cambridge,sentiwordnet,pleasure,0.7099999999999997,0.6999999999999998,0.009999999999999898,1.453,0.1625,False
groq_llama-4-maverick-17b-128e-instruct,trust,cambridge,sentiwordnet,potency,0.7,0.7,0.0,,,False
groq_llama-4-maverick-17b-128e-instruct,trust,cambridge,sentiwordnet,unpredictability,0.4000000000000001,0.31999999999999995,0.08000000000000013,8.7178,0.0,True
groq_llama-4-maverick-17b-128e-instruct,trust,cambridge,sentiwordnet,valence,0.775,0.6999999999999998,0.07500000000000018,7.5498,0.0,True
groq_llama-4-maverick-17b-128e-instruct,vigilance,cambridge,sentiwordnet,activity,0.72,0.8,-0.08000000000000007,-12.49,0.0,True
groq_llama-4-maverick-17b-128e-instruct,vigilance,cambridge,sentiwordnet,arousal,0.7175,0.7949999999999999,-0.0774999999999999,-11.049,0.0,True
groq_llama-4-maverick-17b-128e-instruct,vigilance,cambridge,sentiwordnet,dominance,0.5,0.6999999999999998,-0.19999999999999984,-7852294263150164.0,0.0,True
groq_llama-4-maverick-17b-128e-instruct,vigilance,cambridge,sentiwordnet,evaluation,-0.495,0.1125,-0.6075,-20.7067,0.0,True
groq_llama-4-maverick-17b-128e-instruct,vigilance,cambridge,sentiwordnet,pleasure,-0.16500000000000004,0.20000000000000004,-0.3650000000000001,-12.873,0.0,True
groq_llama-4-maverick-17b-128e-instruct,vigilance,cambridge,sentiwordnet,potency,0.7,0.75,-0.050000000000000044,-6.245,0.0,True
groq_llama-4-maverick-17b-128e-instruct,vigilance,cambridge,sentiwordnet,unpredictability,0.51,0.4000000000000001,0.10999999999999993,3.8025,0.0012,True
groq_llama-4-maverick-17b-128e-instruct,vigilance,cambridge,sentiwordnet,valence,-0.35,-0.20500000000000002,-0.14499999999999996,-6.0331,0.0,True
groq_llama-4-scout-17b-16e-instruct,acceptance,cambridge,sentiwordnet,activity,0.5,0.20249999999999999,0.2975,119.0,0.0,True
groq_llama-4-scout-17b-16e-instruct,acceptance,cambridge,sentiwordnet,arousal,0.20249999999999999,0.2,0.0024999999999999745,1.0,0.3235,False
groq_llama-4-scout-17b-16e-instruct,acceptance,cambridge,sentiwordnet,dominance,0.16500000000000004,-0.35,0.515,13.7189,0.0,True
groq_llama-4-scout-17b-16e-instruct,acceptance,cambridge,sentiwordnet,evaluation,0.8,0.8,0.0,,,False
groq_llama-4-scout-17b-16e-instruct,acceptance,cambridge,sentiwordnet,pleasure,0.735,0.7800000000000001,-0.04500000000000015,-2.3657,0.0248,True
groq_llama-4-scout-17b-16e-instruct,acceptance,cambridge,sentiwordnet,potency,0.31500000000000006,0.3,0.015000000000000069,2.6234,0.0124,True
groq_llama-4-scout-17b-16e-instruct,acceptance,cambridge,sentiwordnet,unpredictability,0.5,0.49000000000000005,0.009999999999999953,1.0,0.3299,False
groq_llama-4-scout-17b-16e-instruct,acceptance,cambridge,sentiwordnet,valence,0.7700000000000001,0.8000000000000002,-0.030000000000000027,-2.8536,0.0102,True
groq_llama-4-scout-17b-16e-instruct,admiration,cambridge,sentiwordnet,activity,0.6,0.6,0.0,,,False
groq_llama-4-scout-17b-16e-instruct,admiration,cambridge,sentiwordnet,arousal,0.5,0.6,-0.09999999999999998,-6.245,0.0,True
groq_llama-4-scout-17b-16e-instruct,admiration,cambridge,sentiwordnet,dominance,-0.23000000000000004,0.20000000000000004,-0.43000000000000005,-40.9012,0.0,True
groq_llama-4-scout-17b-16e-instruct,admiration,cambridge,sentiwordnet,evaluation,0.8,0.8,0.0,,,False
groq_llama-4-scout-17b-16e-instruct,admiration,cambridge,sentiwordnet,pleasure,0.8000000000000002,0.8000000000000002,0.0,0.0,1.0,False
groq_llama-4-scout-17b-16e-instruct,admiration,cambridge,sentiwordnet,potency,0.6,0.6,0.0,,,False
groq_llama-4-scout-17b-16e-instruct,admiration,cambridge,sentiwordnet,unpredictability,0.5,0.495,0.0050000000000000044,1.0,0.3299,False
groq_llama-4-scout-17b-16e-instruct,admiration,cambridge,sentiwordnet,valence,0.8000000000000002,0.8000000000000002,0.0,0.0,1.0,False
groq_llama-4-scout-17b-16e-instruct,aggressiveness,cambridge,sentiwordnet,activity,0.7,0.8,-0.10000000000000009,-inf,0.0,True
groq_llama-4-scout-17b-16e-instruct,aggressiveness,cambridge,sentiwordnet,arousal,0.7,0.7975,-0.09750000000000003,-39.0,0.0,True
groq_llama-4-scout-17b-16e-instruct,aggressiveness,cambridge,sentiwordnet,dominance,0.5,0.53,-0.030000000000000027,-2.8536,0.0102,True
groq_llama-4-scout-17b-16e-instruct,aggressiveness,cambridge,sentiwordnet,evaluation,-0.8,-0.8,0.0,,,False
groq_llama-4-scout-17b-16e-instruct,aggressiveness,cambridge,sentiwordnet,pleasure,-0.6999999999999998,-0.7950000000000002,0.0950000000000003,19.0,0.0,True
groq_llama-4-scout-17b-16e-instruct,aggressiveness,cambridge,sentiwordnet,potency,0.8,0.8,0.0,,,False
groq_llama-4-scout-17b-16e-instruct,aggressiveness,cambridge,sentiwordnet,unpredictability,0.6999999999999998,0.6999999999999998,0.0,0.0,1.0,False
groq_llama-4-scout-17b-16e-instruct,aggressiveness,cambridge,sentiwordnet,valence,-0.735,-0.8000000000000002,0.06500000000000017,5.9402,0.0,True
groq_llama-4-scout-17b-16e-instruct,amazement,cambridge,sentiwordnet,activity,0.8,0.8,0.0,,,False
groq_llama-4-scout-17b-16e-instruct,amazement,cambridge,sentiwordnet,arousal,0.8,0.8,0.0,,,False
groq_llama-4-scout-17b-16e-instruct,amazement,cambridge,sentiwordnet,dominance,-0.5,-0.5,0.0,,,False
groq_llama-4-scout-17b-16e-instruct,amazement,cambridge,sentiwordnet,evaluation,0.8,0.8,0.0,,,False
groq_llama-4-scout-17b-16e-instruct,amazement,cambridge,sentiwordnet,pleasure,0.8000000000000002,0.8000000000000002,0.0,0.0,1.0,False
groq_llama-4-scout-17b-16e-instruct,amazement,cambridge,sentiwordnet,potency,0.8,0.8,0.0,,,False
groq_llama-4-scout-17b-16e-instruct,amazement,cambridge,sentiwordnet,unpredictability,0.8000000000000002,0.8000000000000002,0.0,0.0,1.0,False
groq_llama-4-scout-17b-16e-instruct,amazement,cambridge,sentiwordnet,valence,0.8000000000000002,0.8000000000000002,0.0,0.0,1.0,False
groq_llama-4-scout-17b-16e-instruct,anger,cambridge,sentiwordnet,activity,0.7350000000000001,0.7975,-0.06249999999999989,-7.7771,0.0,True
groq_llama-4-scout-17b-16e-instruct,anger,cambridge,sentiwordnet,arousal,0.8,0.8,0.0,,,False
groq_llama-4-scout-17b-16e-instruct,anger,cambridge,sentiwordnet,dominance,-0.41,0.24500000000000002,-0.655,-17.256,0.0,True
groq_llama-4-scout-17b-16e-instruct,anger,cambridge,sentiwordnet,evaluation,-0.8,-0.8,0.0,,,False
groq_llama-4-scout-17b-16e-instruct,anger,cambridge,sentiwordnet,pleasure,-0.8000000000000002,-0.8000000000000002,0.0,0.0,1.0,False
groq_llama-4-scout-17b-16e-instruct,anger,cambridge,sentiwordnet,potency,0.8,0.8,0.0,,,False
groq_llama-4-scout-17b-16e-instruct,anger,cambridge,sentiwordnet,unpredictability,0.6699999999999998,0.6999999999999998,-0.030000000000000027,-2.8536,0.0102,True
groq_llama-4-scout-17b-16e-instruct,anger,cambridge,sentiwordnet,valence,-0.8000000000000002,-0.8000000000000002,0.0,0.0,1.0,False
groq_llama-4-scout-17b-16e-instruct,annoyance,cambridge,sentiwordnet,activity,0.6,0.5974999999999999,0.0025000000000000577,1.0,0.3235,False
groq_llama-4-scout-17b-16e-instruct,annoyance,cambridge,sentiwordnet,arousal,0.6,0.6,0.0,,,False
groq_llama-4-scout-17b-16e-instruct,annoyance,cambridge,sentiwordnet,dominance,-0.54,-0.5,-0.040000000000000036,-3.559,0.0021,True
groq_llama-4-scout-17b-16e-instruct,annoyance,cambridge,sentiwordnet,evaluation,-0.7875,-0.8,0.012500000000000067,2.3604,0.0234,True
groq_llama-4-scout-17b-16e-instruct,annoyance,cambridge,sentiwordnet,pleasure,-0.7950000000000002,-0.8000000000000002,0.0050000000000000044,1.0,0.3299,False
groq_llama-4-scout-17b-16e-instruct,annoyance,cambridge,sentiwordnet,potency,0.6,0.6,0.0,,,False
groq_llama-4-scout-17b-16e-instruct,annoyance,cambridge,sentiwordnet,unpredictability,0.5,0.5,0.0,,,False
groq_llama-4-scout-17b-16e-instruct,annoyance,cambridge,sentiwordnet,valence,-0.8000000000000002,-0.8000000000000002,0.0,0.0,1.0,False
groq_llama-4-scout-17b-16e-instruct,anticipation,cambridge,sentiwordnet,activity,0.6875,0.6,0.08750000000000002,16.5227,0.0,True
groq_llama-4-scout-17b-16e-instruct,anticipation,cambridge,sentiwordnet,arousal,0.6975,0.6,0.09750000000000003,39.0,0.0,True
groq_llama-4-scout-17b-16e-instruct,anticipation,cambridge,sentiwordnet,dominance,0.20000000000000004,0.51,-0.30999999999999994,-45.042,0.0,True
groq_llama-4-scout-17b-16e-instruct,anticipation,cambridge,sentiwordnet,evaluation,0.6025,0.5,0.10250000000000004,7.7948,0.0,True
groq_llama-4-scout-17b-16e-instruct,anticipation,cambridge,sentiwordnet,pleasure,0.6949999999999998,0.5,0.19499999999999984,39.0,0.0,True
groq_llama-4-scout-17b-16e-instruct,anticipation,cambridge,sentiwordnet,potency,0.6,0.605,-0.0050000000000000044,-1.4327,0.1599,False
groq_llama-4-scout-17b-16e-instruct,anticipation,cambridge,sentiwordnet,unpredictability,0.5,0.5,0.0,,,False
groq_llama-4-scout-17b-16e-instruct,anticipation,cambridge,sentiwordnet,valence,0.6999999999999998,0.5,0.19999999999999984,7852294263150164.0,0.0,True
groq_llama-4-scout-17b-16e-instruct,apprehension,cambridge,sentiwordnet,activity,0.6025,0.6,0.0025000000000000577,1.0,0.3235,False
groq_llama-4-scout-17b-16e-instruct,apprehension,cambridge,sentiwordnet,arousal,0.6,0.605,-0.0050000000000000044,-1.4327,0.1599,False
groq_llama-4-scout-17b-16e-instruct,apprehension,cambridge,sentiwordnet,dominance,-0.54,-0.5849999999999999,0.04499999999999982,3.2356,0.0027,True
groq_llama-4-scout-17b-16e-instruct,apprehension,cambridge,sentiwordnet,evaluation,-0.635,-0.7024999999999999,0.0674999999999999,7.6722,0.0,True
groq_llama-4-scout-17b-16e-instruct,apprehension,cambridge,sentiwordnet,pleasure,-0.6299999999999999,-0.7299999999999999,0.09999999999999998,6.7259,0.0,True
groq_llama-4-scout-17b-16e-instruct,apprehension,cambridge,sentiwordnet,potency,0.6,0.6,0.0,,,False
groq_llama-4-scout-17b-16e-instruct,apprehension,cambridge,sentiwordnet,unpredictability,0.6949999999999998,0.6999999999999998,-0.0050000000000000044,-1.0,0.3299,False
groq_llama-4-scout-17b-16e-instruct,apprehension,cambridge,sentiwordnet,valence,-0.6199999999999999,-0.7049999999999998,0.08499999999999996,8.1337,0.0,True
groq_llama-4-scout-17b-16e-instruct,awe,cambridge,sentiwordnet,activity,0.7,0.7150000000000001,-0.015000000000000124,-2.6234,0.0124,True
groq_llama-4-scout-17b-16e-instruct,awe,cambridge,sentiwordnet,arousal,0.7,0.795,-0.09500000000000008,-27.2213,0.0,True
groq_llama-4-scout-17b-16e-instruct,awe,cambridge,sentiwordnet,dominance,-0.5,-0.5,0.0,,,False
groq_llama-4-scout-17b-16e-instruct,awe,cambridge,sentiwordnet,evaluation,0.485,0.8,-0.31500000000000006,-30.0867,0.0,True
groq_llama-4-scout-17b-16e-instruct,awe,cambridge,sentiwordnet,pleasure,-0.20000000000000004,0.8000000000000002,-1.0000000000000002,-3.8089221941646776e+16,0.0,True
groq_llama-4-scout-17b-16e-instruct,awe,cambridge,sentiwordnet,potency,0.8,0.8,0.0,,,False
groq_llama-4-scout-17b-16e-instruct,awe,cambridge,sentiwordnet,unpredictability,0.6999999999999998,0.6949999999999998,0.0050000000000000044,1.0,0.3299,False
groq_llama-4-scout-17b-16e-instruct,awe,cambridge,sentiwordnet,valence,0.19000000000000003,0.8000000000000002,-0.6100000000000001,-88.6309,0.0,True
groq_llama-4-scout-17b-16e-instruct,boredom,cambridge,sentiwordnet,activity,0.2,0.2,0.0,,,False
groq_llama-4-scout-17b-16e-instruct,boredom,cambridge,sentiwordnet,arousal,0.2,0.2,0.0,,,False
groq_llama-4-scout-17b-16e-instruct,boredom,cambridge,sentiwordnet,dominance,-0.5,-0.5,0.0,,,False
groq_llama-4-scout-17b-16e-instruct,boredom,cambridge,sentiwordnet,evaluation,-0.5,-0.6025,0.10250000000000004,18.1505,0.0,True
groq_llama-4-scout-17b-16e-instruct,boredom,cambridge,sentiwordnet,pleasure,-0.5,-0.505,0.0050000000000000044,1.0,0.3299,False
groq_llama-4-scout-17b-16e-instruct,boredom,cambridge,sentiwordnet,potency,0.2,0.28500000000000003,-0.08500000000000002,-14.8661,0.0,True
groq_llama-4-scout-17b-16e-instruct,boredom,cambridge,sentiwordnet,unpredictability,0.5,0.5,0.0,,,False
groq_llama-4-scout-17b-16e-instruct,boredom,cambridge,sentiwordnet,valence,-0.5,-0.6199999999999999,0.11999999999999988,5.6404,0.0,True
groq_llama-4-scout-17b-16e-instruct,contempt,cambridge,sentiwordnet,activity,0.6,0.6,0.0,,,False
groq_llama-4-scout-17b-16e-instruct,contempt,cambridge,sentiwordnet,arousal,0.6,0.6,0.0,,,False
groq_llama-4-scout-17b-16e-instruct,contempt,cambridge,sentiwordnet,dominance,-0.515,-0.6699999999999998,0.1549999999999998,10.2146,0.0,True
groq_llama-4-scout-17b-16e-instruct,contempt,cambridge,sentiwordnet,evaluation,-0.8,-0.8,0.0,,,False
groq_llama-4-scout-17b-16e-instruct,contempt,cambridge,sentiwordnet,pleasure,-0.8000000000000002,-0.8000000000000002,0.0,0.0,1.0,False
groq_llama-4-scout-17b-16e-instruct,contempt,cambridge,sentiwordnet,potency,0.7975,0.7449999999999999,0.0525000000000001,6.2879,0.0,True
groq_llama-4-scout-17b-16e-instruct,contempt,cambridge,sentiwordnet,unpredictability,0.6999999999999998,0.6999999999999998,0.0,0.0,1.0,False
groq_llama-4-scout-17b-16e-instruct,contempt,cambridge,sentiwordnet,valence,-0.8000000000000002,-0.8000000000000002,0.0,0.0,1.0,False
groq_llama-4-scout-17b-16e-instruct,disappointment,cambridge,sentiwordnet,activity,0.38249999999999995,0.43499999999999994,-0.05249999999999999,-3.8589,0.0003,True
groq_llama-4-scout-17b-16e-instruct,disappointment,cambridge,sentiwordnet,arousal,0.4,0.6,-0.19999999999999996,-inf,0.0,True
groq_llama-4-scout-17b-16e-instruct,disappointment,cambridge,sentiwordnet,dominance,-0.59,-0.5,-0.08999999999999997,-7.2848,0.0,True
groq_llama-4-scout-17b-16e-instruct,disappointment,cambridge,sentiwordnet,evaluation,-0.7575,-0.7949999999999999,0.03749999999999998,4.3348,0.0001,True
groq_llama-4-scout-17b-16e-instruct,disappointment,cambridge,sentiwordnet,pleasure,-0.7600000000000001,-0.7099999999999999,-0.050000000000000266,-3.7939,0.0006,True
groq_llama-4-scout-17b-16e-instruct,disappointment,cambridge,sentiwordnet,potency,0.4149999999999999,0.6,-0.18500000000000005,-21.9317,0.0,True
groq_llama-4-scout-17b-16e-instruct,disappointment,cambridge,sentiwordnet,unpredictability,0.6999999999999998,0.6999999999999998,0.0,0.0,1.0,False
groq_llama-4-scout-17b-16e-instruct,disappointment,cambridge,sentiwordnet,valence,-0.8000000000000002,-0.7950000000000002,-0.0050000000000000044,-1.0,0.3299,False
groq_llama-4-scout-17b-16e-instruct,disgust,cambridge,sentiwordnet,activity,0.6599999999999999,0.62,0.039999999999999925,3.9497,0.0002,True
groq_llama-4-scout-17b-16e-instruct,disgust,cambridge,sentiwordnet,arousal,0.6,0.6,0.0,,,False
groq_llama-4-scout-17b-16e-instruct,disgust,cambridge,sentiwordnet,dominance,-0.5,-0.5,0.0,,,False
groq_llama-4-scout-17b-16e-instruct,disgust,cambridge,sentiwordnet,evaluation,-0.8,-0.8,0.0,,,False
groq_llama-4-scout-17b-16e-instruct,disgust,cambridge,sentiwordnet,pleasure,-0.8000000000000002,-0.8000000000000002,0.0,0.0,1.0,False
groq_llama-4-scout-17b-16e-instruct,disgust,cambridge,sentiwordnet,potency,0.705,0.7,0.0050000000000000044,1.4327,0.1599,False
groq_llama-4-scout-17b-16e-instruct,disgust,cambridge,sentiwordnet,unpredictability,0.6349999999999999,0.5999999999999999,0.03500000000000003,3.1986,0.0047,True
groq_llama-4-scout-17b-16e-instruct,disgust,cambridge,sentiwordnet,valence,-0.8000000000000002,-0.8000000000000002,0.0,0.0,1.0,False
groq_llama-4-scout-17b-16e-instruct,distraction,cambridge,sentiwordnet,activity,0.2,0.7,-0.49999999999999994,-inf,0.0,True
groq_llama-4-scout-17b-16e-instruct,distraction,cambridge,sentiwordnet,arousal,0.2,0.6849999999999999,-0.48499999999999993,-84.824,0.0,True
groq_llama-4-scout-17b-16e-instruct,distraction,cambridge,sentiwordnet,dominance,-0.5,-0.5599999999999999,0.05999999999999994,3.2692,0.004,True
groq_llama-4-scout-17b-16e-instruct,distraction,cambridge,sentiwordnet,evaluation,-0.675,-0.8,0.125,14.5587,0.0,True
groq_llama-4-scout-17b-16e-instruct,distraction,cambridge,sentiwordnet,pleasure,-0.6699999999999998,-0.78,0.11000000000000021,6.3509,0.0,True
groq_llama-4-scout-17b-16e-instruct,distraction,cambridge,sentiwordnet,potency,0.29500000000000004,0.6975,-0.40249999999999997,-93.7582,0.0,True
groq_llama-4-scout-17b-16e-instruct,distraction,cambridge,sentiwordnet,unpredictability,0.6399999999999999,0.6999999999999998,-0.05999999999999994,-2.8536,0.0102,True
groq_llama-4-scout-17b-16e-instruct,distraction,cambridge,sentiwordnet,valence,-0.51,-0.8000000000000002,0.29000000000000015,29.0,0.0,True
groq_llama-4-scout-17b-16e-instruct,ecstasy,cambridge,sentiwordnet,activity,0.8,0.8,0.0,,,False
groq_llama-4-scout-17b-16e-instruct,ecstasy,cambridge,sentiwordnet,arousal,0.8,0.8,0.0,,,False
groq_llama-4-scout-17b-16e-instruct,ecstasy,cambridge,sentiwordnet,dominance,0.37,-0.5,0.87,19.9592,0.0,True
groq_llama-4-scout-17b-16e-instruct,ecstasy,cambridge,sentiwordnet,evaluation,0.8949999999999999,0.8275,0.0674999999999999,8.4839,0.0,True
groq_llama-4-scout-17b-16e-instruct,ecstasy,cambridge,sentiwordnet,pleasure,0.8699999999999999,0.8350000000000002,0.0349999999999997,2.3065,0.0266,True
groq_llama-4-scout-17b-16e-instruct,ecstasy,cambridge,sentiwordnet,potency,0.8,0.8149999999999998,-0.014999999999999791,-2.6234,0.0124,True
groq_llama-4-scout-17b-16e-instruct,ecstasy,cambridge,sentiwordnet,unpredictability,0.24000000000000005,0.7049999999999998,-0.4649999999999998,-24.4452,0.0,True
groq_llama-4-scout-17b-16e-instruct,ecstasy,cambridge,sentiwordnet,valence,0.8999999999999998,0.89,0.009999999999999787,1.453,0.1625,False
groq_llama-4-scout-17b-16e-instruct,fear,cambridge,sentiwordnet,activity,0.7,0.705,-0.0050000000000000044,-1.4327,0.1599,False
groq_llama-4-scout-17b-16e-instruct,fear,cambridge,sentiwordnet,arousal,0.7050000000000001,0.775,-0.06999999999999995,-9.0177,0.0,True
groq_llama-4-scout-17b-16e-instruct,fear,cambridge,sentiwordnet,dominance,-0.6449999999999998,-0.6949999999999998,0.050000000000000044,4.0127,0.0005,True
groq_llama-4-scout-17b-16e-instruct,fear,cambridge,sentiwordnet,evaluation,-0.8,-0.8,0.0,,,False
groq_llama-4-scout-17b-16e-instruct,fear,cambridge,sentiwordnet,pleasure,-0.8000000000000002,-0.8000000000000002,0.0,0.0,1.0,False
groq_llama-4-scout-17b-16e-instruct,fear,cambridge,sentiwordnet,potency,0.8,0.8,0.0,,,False
groq_llama-4-scout-17b-16e-instruct,fear,cambridge,sentiwordnet,unpredictability,0.6999999999999998,0.6999999999999998,0.0,0.0,1.0,False
groq_llama-4-scout-17b-16e-instruct,fear,cambridge,sentiwordnet,valence,-0.7950000000000002,-0.8000000000000002,0.0050000000000000044,1.0,0.3299,False
groq_llama-4-scout-17b-16e-instruct,grief,cambridge,sentiwordnet,activity,0.6,0.6975,-0.09750000000000003,-39.0,0.0,True
groq_llama-4-scout-17b-16e-instruct,grief,cambridge,sentiwordnet,arousal,0.6849999999999999,0.7,-0.015000000000000013,-2.6234,0.0124,True
groq_llama-4-scout-17b-16e-instruct,grief,cambridge,sentiwordnet,dominance,-0.6999999999999998,-0.7099999999999997,0.009999999999999898,1.453,0.1625,False
groq_llama-4-scout-17b-16e-instruct,grief,cambridge,sentiwordnet,evaluation,-0.8,-0.8,0.0,,,False
groq_llama-4-scout-17b-16e-instruct,grief,cambridge,sentiwordnet,pleasure,-0.8000000000000002,-0.8000000000000002,0.0,0.0,1.0,False
groq_llama-4-scout-17b-16e-instruct,grief,cambridge,sentiwordnet,potency,0.8,0.8025,-0.0024999999999999467,-1.0,0.3235,False
groq_llama-4-scout-17b-16e-instruct,grief,cambridge,sentiwordnet,unpredictability,0.6999999999999998,0.6999999999999998,0.0,0.0,1.0,False
groq_llama-4-scout-17b-16e-instruct,grief,cambridge,sentiwordnet,valence,-0.805,-0.8000000000000002,-0.004999999999999893,-1.0,0.3299,False
groq_llama-4-scout-17b-16e-instruct,interest,cambridge,sentiwordnet,activity,0.6375,0.6900000000000001,-0.0525000000000001,-5.0329,0.0,True
groq_llama-4-scout-17b-16e-instruct,interest,cambridge,sentiwordnet,arousal,0.5925,0.7,-0.10749999999999993,-14.3333,0.0,True
groq_llama-4-scout-17b-16e-instruct,interest,cambridge,sentiwordnet,dominance,0.0,0.45499999999999996,-0.45499999999999996,-18.5145,0.0,True
groq_llama-4-scout-17b-16e-instruct,interest,cambridge,sentiwordnet,evaluation,0.7949999999999999,0.8,-0.0050000000000001155,-1.4327,0.1599,False
groq_llama-4-scout-17b-16e-instruct,interest,cambridge,sentiwordnet,pleasure,0.765,0.7550000000000001,0.009999999999999898,0.3717,0.7131,False
groq_llama-4-scout-17b-16e-instruct,interest,cambridge,sentiwordnet,potency,0.6,0.7,-0.09999999999999998,-inf,0.0,True
groq_llama-4-scout-17b-16e-instruct,interest,cambridge,sentiwordnet,unpredictability,0.5,0.5,0.0,,,False
groq_llama-4-scout-17b-16e-instruct,interest,cambridge,sentiwordnet,valence,0.7750000000000001,0.8000000000000002,-0.025000000000000022,-2.5166,0.021,True
groq_llama-4-scout-17b-16e-instruct,joy,cambridge,sentiwordnet,activity,0.7025,0.7075000000000001,-0.0050000000000001155,-1.0198,0.3117,False
groq_llama-4-scout-17b-16e-instruct,joy,cambridge,sentiwordnet,arousal,0.7224999999999999,0.745,-0.022500000000000075,-2.1633,0.0337,True
groq_llama-4-scout-17b-16e-instruct,joy,cambridge,sentiwordnet,dominance,0.59,0.5,0.08999999999999997,13.0767,0.0,True
groq_llama-4-scout-17b-16e-instruct,joy,cambridge,sentiwordnet,evaluation,0.8025,0.8,0.0024999999999999467,1.0,0.3235,False
groq_llama-4-scout-17b-16e-instruct,joy,cambridge,sentiwordnet,pleasure,0.8000000000000002,0.8000000000000002,0.0,0.0,1.0,False
groq_llama-4-scout-17b-16e-instruct,joy,cambridge,sentiwordnet,potency,0.6375,0.6,0.03749999999999998,4.8374,0.0,True
groq_llama-4-scout-17b-16e-instruct,joy,cambridge,sentiwordnet,unpredictability,0.465,0.29500000000000004,0.16999999999999998,8.4173,0.0,True
groq_llama-4-scout-17b-16e-instruct,joy,cambridge,sentiwordnet,valence,0.8100000000000002,0.8000000000000002,0.010000000000000009,1.453,0.1625,False
groq_llama-4-scout-17b-16e-instruct,loathing,cambridge,sentiwordnet,activity,0.7,0.8,-0.10000000000000009,-inf,0.0,True
groq_llama-4-scout-17b-16e-instruct,loathing,cambridge,sentiwordnet,arousal,0.69,0.7050000000000001,-0.015000000000000124,-2.5262,0.0138,True
groq_llama-4-scout-17b-16e-instruct,loathing,cambridge,sentiwordnet,dominance,-0.6599999999999998,-0.6999999999999998,0.040000000000000036,3.559,0.0021,True
groq_llama-4-scout-17b-16e-instruct,loathing,cambridge,sentiwordnet,evaluation,-0.8,-0.805,0.0050000000000000044,1.4327,0.1599,False
groq_llama-4-scout-17b-16e-instruct,loathing,cambridge,sentiwordnet,pleasure,-0.8000000000000002,-0.8000000000000002,0.0,0.0,1.0,False
groq_llama-4-scout-17b-16e-instruct,loathing,cambridge,sentiwordnet,potency,0.8,0.8,0.0,,,False
groq_llama-4-scout-17b-16e-instruct,loathing,cambridge,sentiwordnet,unpredictability,0.6999999999999998,0.6999999999999998,0.0,0.0,1.0,False
groq_llama-4-scout-17b-16e-instruct,loathing,cambridge,sentiwordnet,valence,-0.8000000000000002,-0.8000000000000002,0.0,0.0,1.0,False
groq_llama-4-scout-17b-16e-instruct,love,cambridge,sentiwordnet,activity,0.51,0.665,-0.15500000000000003,-14.9808,0.0,True
groq_llama-4-scout-17b-16e-instruct,love,cambridge,sentiwordnet,arousal,0.2,0.2,0.0,,,False
groq_llama-4-scout-17b-16e-instruct,love,cambridge,sentiwordnet,dominance,0.0,-0.5,0.5,inf,0.0,True
groq_llama-4-scout-17b-16e-instruct,love,cambridge,sentiwordnet,evaluation,0.8,0.8,0.0,,,False
groq_llama-4-scout-17b-16e-instruct,love,cambridge,sentiwordnet,pleasure,0.8000000000000002,0.8000000000000002,0.0,0.0,1.0,False
groq_llama-4-scout-17b-16e-instruct,love,cambridge,sentiwordnet,potency,0.6,0.6,0.0,,,False
groq_llama-4-scout-17b-16e-instruct,love,cambridge,sentiwordnet,unpredictability,0.5,0.475,0.025000000000000022,2.5166,0.021,True
groq_llama-4-scout-17b-16e-instruct,love,cambridge,sentiwordnet,valence,0.8000000000000002,0.8000000000000002,0.0,0.0,1.0,False
groq_llama-4-scout-17b-16e-instruct,optimism,cambridge,sentiwordnet,activity,0.6,0.6,0.0,,,False
groq_llama-4-scout-17b-16e-instruct,optimism,cambridge,sentiwordnet,arousal,0.555,0.5599999999999999,-0.004999999999999893,-0.27,0.7879,False
groq_llama-4-scout-17b-16e-instruct,optimism,cambridge,sentiwordnet,dominance,0.51,0.505,0.0050000000000000044,0.5878,0.5605,False
groq_llama-4-scout-17b-16e-instruct,optimism,cambridge,sentiwordnet,evaluation,0.7975,0.8,-0.0025000000000000577,-1.0,0.3235,False
groq_llama-4-scout-17b-16e-instruct,optimism,cambridge,sentiwordnet,pleasure,0.7950000000000002,0.8000000000000002,-0.0050000000000000044,-1.0,0.3299,False
groq_llama-4-scout-17b-16e-instruct,optimism,cambridge,sentiwordnet,potency,0.6,0.6,0.0,,,False
groq_llama-4-scout-17b-16e-instruct,optimism,cambridge,sentiwordnet,unpredictability,0.37000000000000005,0.37500000000000006,-0.0050000000000000044,-0.3457,0.7315,False
groq_llama-4-scout-17b-16e-instruct,optimism,cambridge,sentiwordnet,valence,0.775,0.8000000000000002,-0.025000000000000133,-2.5166,0.021,True
groq_llama-4-scout-17b-16e-instruct,pensiveness,cambridge,sentiwordnet,activity,0.2,0.2,0.0,,,False
groq_llama-4-scout-17b-16e-instruct,pensiveness,cambridge,sentiwordnet,arousal,0.2,0.2,0.0,,,False
groq_llama-4-scout-17b-16e-instruct,pensiveness,cambridge,sentiwordnet,dominance,-0.275,-0.36500000000000005,0.09000000000000002,6.0897,0.0,True
groq_llama-4-scout-17b-16e-instruct,pensiveness,cambridge,sentiwordnet,evaluation,-0.2,-0.5,0.3,inf,0.0,True
groq_llama-4-scout-17b-16e-instruct,pensiveness,cambridge,sentiwordnet,pleasure,-0.25999999999999995,-0.5,0.24000000000000005,21.3542,0.0,True
groq_llama-4-scout-17b-16e-instruct,pensiveness,cambridge,sentiwordnet,potency,0.3,0.575,-0.27499999999999997,-25.9643,0.0,True
groq_llama-4-scout-17b-16e-instruct,pensiveness,cambridge,sentiwordnet,unpredictability,0.5999999999999999,0.6149999999999999,-0.015000000000000013,-1.8311,0.0828,False
groq_llama-4-scout-17b-16e-instruct,pensiveness,cambridge,sentiwordnet,valence,-0.20000000000000004,-0.305,0.10499999999999995,3.1986,0.0047,True
groq_llama-4-scout-17b-16e-instruct,rage,cambridge,sentiwordnet,activity,0.8,0.8,0.0,,,False
groq_llama-4-scout-17b-16e-instruct,rage,cambridge,sentiwordnet,arousal,0.8,0.8025,-0.0024999999999999467,-1.0,0.3235,False
groq_llama-4-scout-17b-16e-instruct,rage,cambridge,sentiwordnet,dominance,-0.6899999999999998,-0.715,0.025000000000000133,1.9339,0.0609,False
groq_llama-4-scout-17b-16e-instruct,rage,cambridge,sentiwordnet,evaluation,-0.805,-0.8200000000000001,0.015000000000000013,2.0564,0.0441,True
groq_llama-4-scout-17b-16e-instruct,rage,cambridge,sentiwordnet,pleasure,-0.8000000000000002,-0.8000000000000002,0.0,0.0,1.0,False
groq_llama-4-scout-17b-16e-instruct,rage,cambridge,sentiwordnet,potency,0.8,0.8400000000000001,-0.040000000000000036,-5.099,0.0,True
groq_llama-4-scout-17b-16e-instruct,rage,cambridge,sentiwordnet,unpredictability,0.8000000000000002,0.7950000000000002,0.0050000000000000044,1.0,0.3299,False
groq_llama-4-scout-17b-16e-instruct,rage,cambridge,sentiwordnet,valence,-0.8100000000000002,-0.8150000000000002,0.0050000000000000044,0.4673,0.643,False
groq_llama-4-scout-17b-16e-instruct,remorse,cambridge,sentiwordnet,activity,0.5800000000000001,0.545,0.03500000000000003,2.0316,0.0461,True
groq_llama-4-scout-17b-16e-instruct,remorse,cambridge,sentiwordnet,arousal,0.6,0.6,0.0,,,False
groq_llama-4-scout-17b-16e-instruct,remorse,cambridge,sentiwordnet,dominance,-0.5,-0.5,0.0,,,False
groq_llama-4-scout-17b-16e-instruct,remorse,cambridge,sentiwordnet,evaluation,-0.76,-0.8,0.040000000000000036,5.099,0.0,True
groq_llama-4-scout-17b-16e-instruct,remorse,cambridge,sentiwordnet,pleasure,-0.7750000000000001,-0.8000000000000002,0.025000000000000022,2.5166,0.021,True
groq_llama-4-scout-17b-16e-instruct,remorse,cambridge,sentiwordnet,potency,0.6,0.7,-0.09999999999999998,-inf,0.0,True
groq_llama-4-scout-17b-16e-instruct,remorse,cambridge,sentiwordnet,unpredictability,0.5999999999999999,0.5999999999999999,0.0,0.0,1.0,False
groq_llama-4-scout-17b-16e-instruct,remorse,cambridge,sentiwordnet,valence,-0.74,-0.8000000000000002,0.060000000000000164,5.3385,0.0,True
groq_llama-4-scout-17b-16e-instruct,sadness,cambridge,sentiwordnet,activity,0.3375,0.395,-0.057499999999999996,-6.7635,0.0,True
groq_llama-4-scout-17b-16e-instruct,sadness,cambridge,sentiwordnet,arousal,0.34,0.4,-0.06,-7.6485,0.0,True
groq_llama-4-scout-17b-16e-instruct,sadness,cambridge,sentiwordnet,dominance,-0.6999999999999998,-0.57,-0.1299999999999999,-6.2962,0.0,True
groq_llama-4-scout-17b-16e-instruct,sadness,cambridge,sentiwordnet,evaluation,-0.7849999999999999,-0.7074999999999999,-0.07750000000000001,-10.9078,0.0,True
groq_llama-4-scout-17b-16e-instruct,sadness,cambridge,sentiwordnet,pleasure,-0.7049999999999998,-0.5349999999999999,-0.16999999999999993,-9.7722,0.0,True
groq_llama-4-scout-17b-16e-instruct,sadness,cambridge,sentiwordnet,potency,0.41500000000000004,0.43,-0.014999999999999958,-1.0556,0.2947,False
groq_llama-4-scout-17b-16e-instruct,sadness,cambridge,sentiwordnet,unpredictability,0.6099999999999999,0.6699999999999998,-0.05999999999999994,-4.7749,0.0,True
groq_llama-4-scout-17b-16e-instruct,sadness,cambridge,sentiwordnet,valence,-0.7850000000000001,-0.6999999999999998,-0.0850000000000003,-10.3763,0.0,True
groq_llama-4-scout-17b-16e-instruct,serenity,cambridge,sentiwordnet,activity,0.2,0.2,0.0,,,False
groq_llama-4-scout-17b-16e-instruct,serenity,cambridge,sentiwordnet,arousal,0.2,0.1,0.1,inf,0.0,True
groq_llama-4-scout-17b-16e-instruct,serenity,cambridge,sentiwordnet,dominance,-0.48,0.5,-0.98,-83.7753,0.0,True
groq_llama-4-scout-17b-16e-instruct,serenity,cambridge,sentiwordnet,evaluation,0.8,0.7925,0.007500000000000062,1.0,0.3235,False
groq_llama-4-scout-17b-16e-instruct,serenity,cambridge,sentiwordnet,pleasure,0.8000000000000002,0.41999999999999993,0.3800000000000002,10.3524,0.0,True
groq_llama-4-scout-17b-16e-instruct,serenity,cambridge,sentiwordnet,potency,0.2,0.1,0.1,inf,0.0,True
groq_llama-4-scout-17b-16e-instruct,serenity,cambridge,sentiwordnet,unpredictability,0.20000000000000004,0.20000000000000004,0.0,0.0,1.0,False
groq_llama-4-scout-17b-16e-instruct,serenity,cambridge,sentiwordnet,valence,0.8000000000000002,0.805,-0.004999999999999893,-1.0,0.3299,False
groq_llama-4-scout-17b-16e-instruct,submission,cambridge,sentiwordnet,activity,0.3,0.21500000000000002,0.08499999999999996,10.0767,0.0,True
groq_llama-4-scout-17b-16e-instruct,submission,cambridge,sentiwordnet,arousal,0.2975,0.2,0.09749999999999998,39.0,0.0,True
groq_llama-4-scout-17b-16e-instruct,submission,cambridge,sentiwordnet,dominance,-0.5,-0.775,0.275,27.6827,0.0,True
groq_llama-4-scout-17b-16e-instruct,submission,cambridge,sentiwordnet,evaluation,-0.2225,-0.23499999999999996,0.012499999999999956,0.9003,0.3712,False
groq_llama-4-scout-17b-16e-instruct,submission,cambridge,sentiwordnet,pleasure,-0.39000000000000007,-0.21500000000000002,-0.17500000000000004,-13.5376,0.0,True
groq_llama-4-scout-17b-16e-instruct,submission,cambridge,sentiwordnet,potency,0.2,0.2,0.0,,,False
groq_llama-4-scout-17b-16e-instruct,submission,cambridge,sentiwordnet,unpredictability,0.5999999999999999,0.5999999999999999,0.0,0.0,1.0,False
groq_llama-4-scout-17b-16e-instruct,submission,cambridge,sentiwordnet,valence,-0.20000000000000004,-0.21000000000000005,0.010000000000000009,1.453,0.1625,False
groq_llama-4-scout-17b-16e-instruct,surprise,cambridge,sentiwordnet,activity,0.7,0.7699999999999999,-0.06999999999999995,-9.5394,0.0,True
groq_llama-4-scout-17b-16e-instruct,surprise,cambridge,sentiwordnet,arousal,0.7,0.8,-0.10000000000000009,-inf,0.0,True
groq_llama-4-scout-17b-16e-instruct,surprise,cambridge,sentiwordnet,dominance,-0.45499999999999996,-0.5,0.04500000000000004,1.8311,0.0828,False
groq_llama-4-scout-17b-16e-instruct,surprise,cambridge,sentiwordnet,evaluation,0.0,0.0,0.0,,,False
groq_llama-4-scout-17b-16e-instruct,surprise,cambridge,sentiwordnet,pleasure,0.20000000000000004,2.7755575615628915e-18,0.20000000000000004,4.6599,0.0002,True
groq_llama-4-scout-17b-16e-instruct,surprise,cambridge,sentiwordnet,potency,0.7,0.79,-0.09000000000000008,-18.735,0.0,True
groq_llama-4-scout-17b-16e-instruct,surprise,cambridge,sentiwordnet,unpredictability,0.5,0.5,0.0,,,False
groq_llama-4-scout-17b-16e-instruct,surprise,cambridge,sentiwordnet,valence,0.0,-0.5,0.5,inf,0.0,True
groq_llama-4-scout-17b-16e-instruct,terror,cambridge,sentiwordnet,activity,0.8949999999999999,0.8025,0.09249999999999992,21.5469,0.0,True
groq_llama-4-scout-17b-16e-instruct,terror,cambridge,sentiwordnet,arousal,0.9,0.8975,0.0025000000000000577,1.0,0.3235,False
groq_llama-4-scout-17b-16e-instruct,terror,cambridge,sentiwordnet,dominance,-0.8000000000000002,-0.8000000000000002,0.0,0.0,1.0,False
groq_llama-4-scout-17b-16e-instruct,terror,cambridge,sentiwordnet,evaluation,-1.0,-0.8150000000000001,-0.18499999999999994,-24.2222,0.0,True
groq_llama-4-scout-17b-16e-instruct,terror,cambridge,sentiwordnet,pleasure,-0.9799999999999999,-0.8000000000000002,-0.17999999999999972,-15.3873,0.0,True
groq_llama-4-scout-17b-16e-instruct,terror,cambridge,sentiwordnet,potency,0.9,0.89,0.010000000000000009,2.0817,0.044,True
groq_llama-4-scout-17b-16e-instruct,terror,cambridge,sentiwordnet,unpredictability,0.8000000000000002,0.8000000000000002,0.0,0.0,1.0,False
groq_llama-4-scout-17b-16e-instruct,terror,cambridge,sentiwordnet,valence,-1.0,-0.8000000000000002,-0.19999999999999984,-7852294263150164.0,0.0,True
groq_llama-4-scout-17b-16e-instruct,trust,cambridge,sentiwordnet,activity,0.5,0.20999999999999996,0.29000000000000004,60.3683,0.0,True
groq_llama-4-scout-17b-16e-instruct,trust,cambridge,sentiwordnet,arousal,0.2,0.20249999999999999,-0.0024999999999999745,-1.0,0.3235,False
groq_llama-4-scout-17b-16e-instruct,trust,cambridge,sentiwordnet,dominance,0.20000000000000004,0.20000000000000004,0.0,0.0,1.0,False
groq_llama-4-scout-17b-16e-instruct,trust,cambridge,sentiwordnet,evaluation,0.8,0.8,0.0,,,False
groq_llama-4-scout-17b-16e-instruct,trust,cambridge,sentiwordnet,pleasure,0.7800000000000001,0.7900000000000003,-0.01000000000000012,-0.8718,0.3892,False
groq_llama-4-scout-17b-16e-instruct,trust,cambridge,sentiwordnet,potency,0.6,0.6,0.0,,,False
groq_llama-4-scout-17b-16e-instruct,trust,cambridge,sentiwordnet,unpredictability,0.5,0.325,0.175,14.2264,0.0,True
groq_llama-4-scout-17b-16e-instruct,trust,cambridge,sentiwordnet,valence,0.8000000000000002,0.8000000000000002,0.0,0.0,1.0,False
groq_llama-4-scout-17b-16e-instruct,vigilance,cambridge,sentiwordnet,activity,0.65,0.7,-0.04999999999999993,-6.245,0.0,True
groq_llama-4-scout-17b-16e-instruct,vigilance,cambridge,sentiwordnet,arousal,0.6925,0.7,-0.007499999999999951,-1.7782,0.0832,False
groq_llama-4-scout-17b-16e-instruct,vigilance,cambridge,sentiwordnet,dominance,0.20000000000000004,0.52,-0.31999999999999995,-34.8712,0.0,True
groq_llama-4-scout-17b-16e-instruct,vigilance,cambridge,sentiwordnet,evaluation,-0.1925,0.2,-0.3925,-52.3333,0.0,True
groq_llama-4-scout-17b-16e-instruct,vigilance,cambridge,sentiwordnet,pleasure,-0.20500000000000002,-0.20000000000000004,-0.004999999999999977,-1.0,0.3299,False
groq_llama-4-scout-17b-16e-instruct,vigilance,cambridge,sentiwordnet,potency,0.61,0.6,0.010000000000000009,2.0817,0.044,True
groq_llama-4-scout-17b-16e-instruct,vigilance,cambridge,sentiwordnet,unpredictability,0.6099999999999999,0.5,0.10999999999999988,5.7722,0.0,True
groq_llama-4-scout-17b-16e-instruct,vigilance,cambridge,sentiwordnet,valence,-0.06000000000000001,0.14500000000000002,-0.20500000000000002,-6.8787,0.0,True
openai_gpt-5,acceptance,cambridge,sentiwordnet,activity,0.29700000000000004,0.22199999999999998,0.07500000000000007,11.7758,0.0,True
openai_gpt-5,acceptance,cambridge,sentiwordnet,arousal,0.28775000000000006,0.21800000000000003,0.06975000000000003,13.6159,0.0,True
openai_gpt-5,acceptance,cambridge,sentiwordnet,dominance,0.29100000000000004,0.025000000000000012,0.266,5.0,0.0001,True
openai_gpt-5,acceptance,cambridge,sentiwordnet,evaluation,0.641,0.66125,-0.02024999999999999,-1.6706,0.0988,False
openai_gpt-5,acceptance,cambridge,sentiwordnet,pleasure,0.6535,0.5465,0.10699999999999998,5.6004,0.0,True
openai_gpt-5,acceptance,cambridge,sentiwordnet,potency,0.4387499999999999,0.409,0.029749999999999943,2.4198,0.0179,True
openai_gpt-5,acceptance,cambridge,sentiwordnet,unpredictability,0.27399999999999997,0.2605,0.013499999999999956,1.4405,0.1583,False
openai_gpt-5,acceptance,cambridge,sentiwordnet,valence,0.7064999999999999,0.7329999999999999,-0.026499999999999968,-2.0408,0.0486,True
openai_gpt-5,admiration,cambridge,sentiwordnet,activity,0.48650000000000004,0.51975,-0.03325,-2.6885,0.0088,True
openai_gpt-5,admiration,cambridge,sentiwordnet,arousal,0.55475,0.56475,-0.010000000000000009,-1.0438,0.2999,False
openai_gpt-5,admiration,cambridge,sentiwordnet,dominance,-0.19150000000000003,-0.007999999999999998,-0.18350000000000002,-3.2131,0.0037,True
openai_gpt-5,admiration,cambridge,sentiwordnet,evaluation,0.7537499999999999,0.8215,-0.06775000000000009,-9.3306,0.0,True
openai_gpt-5,admiration,cambridge,sentiwordnet,pleasure,0.6984999999999999,0.7700000000000001,-0.07150000000000023,-6.9816,0.0,True
openai_gpt-5,admiration,cambridge,sentiwordnet,potency,0.44275000000000003,0.4342499999999999,0.008500000000000119,0.5162,0.6072,False
openai_gpt-5,admiration,cambridge,sentiwordnet,unpredictability,0.36150000000000004,0.34700000000000003,0.014500000000000013,1.2785,0.2094,False
openai_gpt-5,admiration,cambridge,sentiwordnet,valence,0.751,0.792,-0.041000000000000036,-4.2539,0.0001,True
openai_gpt-5,aggressiveness,cambridge,sentiwordnet,activity,0.789,0.7997500000000001,-0.010750000000000037,-1.6299,0.1072,False
openai_gpt-5,aggressiveness,cambridge,sentiwordnet,arousal,0.8344999999999999,0.852,-0.01750000000000007,-4.2678,0.0001,True
openai_gpt-5,aggressiveness,cambridge,sentiwordnet,dominance,0.6554999999999999,0.707,-0.0515000000000001,-2.2113,0.0335,True
openai_gpt-5,aggressiveness,cambridge,sentiwordnet,evaluation,-0.7925000000000001,-0.73975,-0.052750000000000075,-6.6001,0.0,True
openai_gpt-5,aggressiveness,cambridge,sentiwordnet,pleasure,-0.7109999999999997,-0.6829999999999999,-0.027999999999999803,-2.4607,0.0196,True
openai_gpt-5,aggressiveness,cambridge,sentiwordnet,potency,0.8627499999999999,0.86075,0.0019999999999998908,0.4048,0.6867,False
openai_gpt-5,aggressiveness,cambridge,sentiwordnet,unpredictability,0.627,0.506,0.121,3.6575,0.0011,True
openai_gpt-5,aggressiveness,cambridge,sentiwordnet,valence,-0.7754999999999999,-0.7529999999999999,-0.022499999999999964,-1.7459,0.0909,False
openai_gpt-5,amazement,cambridge,sentiwordnet,activity,0.8627500000000001,0.8195,0.04325000000000012,8.1449,0.0,True
openai_gpt-5,amazement,cambridge,sentiwordnet,arousal,0.8899999999999999,0.85275,0.037249999999999894,8.4947,0.0,True
openai_gpt-5,amazement,cambridge,sentiwordnet,dominance,-0.49349999999999994,-0.4339999999999999,-0.05950000000000005,-2.0095,0.052,False
openai_gpt-5,amazement,cambridge,sentiwordnet,evaluation,0.59375,0.503,0.09075,4.8114,0.0,True
openai_gpt-5,amazement,cambridge,sentiwordnet,pleasure,0.489,0.3615,0.1275,3.6206,0.0009,True
openai_gpt-5,amazement,cambridge,sentiwordnet,potency,0.30375,0.31775000000000003,-0.014000000000000012,-1.6949,0.0941,False
openai_gpt-5,amazement,cambridge,sentiwordnet,unpredictability,0.9275,0.9175000000000001,0.009999999999999898,2.1863,0.0352,True
openai_gpt-5,amazement,cambridge,sentiwordnet,valence,0.5674999999999999,0.5275,0.039999999999999925,1.2841,0.2081,False
openai_gpt-5,anger,cambridge,sentiwordnet,activity,0.7975,0.797,0.0004999999999999449,0.1021,0.9189,False
openai_gpt-5,anger,cambridge,sentiwordnet,arousal,0.83025,0.8260000000000002,0.004249999999999865,1.048,0.2979,False
openai_gpt-5,anger,cambridge,sentiwordnet,dominance,0.39699999999999996,0.3005,0.09649999999999997,3.4327,0.0018,True
openai_gpt-5,anger,cambridge,sentiwordnet,evaluation,-0.78,-0.76725,-0.012750000000000039,-1.5075,0.1359,False
openai_gpt-5,anger,cambridge,sentiwordnet,pleasure,-0.7374999999999999,-0.7565000000000001,0.019000000000000128,1.2053,0.236,False
openai_gpt-5,anger,cambridge,sentiwordnet,potency,0.756,0.7445,0.011499999999999955,1.2238,0.2247,False
openai_gpt-5,anger,cambridge,sentiwordnet,unpredictability,0.5605,0.6410000000000001,-0.08050000000000013,-3.9027,0.0007,True
openai_gpt-5,anger,cambridge,sentiwordnet,valence,-0.775,-0.7535000000000001,-0.021499999999999964,-1.8144,0.0779,False
openai_gpt-5,annoyance,cambridge,sentiwordnet,activity,0.4205,0.4647499999999999,-0.0442499999999999,-3.3256,0.0014,True
openai_gpt-5,annoyance,cambridge,sentiwordnet,arousal,0.5405,0.54825,-0.007750000000000035,-0.6887,0.4931,False
openai_gpt-5,annoyance,cambridge,sentiwordnet,dominance,-0.119,0.05349999999999999,-0.1725,-2.5686,0.0143,True
openai_gpt-5,annoyance,cambridge,sentiwordnet,evaluation,-0.5475,-0.58,0.03249999999999997,3.0126,0.0035,True
openai_gpt-5,annoyance,cambridge,sentiwordnet,pleasure,-0.5075000000000001,-0.5475000000000001,0.040000000000000036,2.4813,0.0176,True
openai_gpt-5,annoyance,cambridge,sentiwordnet,potency,0.43800000000000006,0.51425,-0.07624999999999993,-5.3187,0.0,True
openai_gpt-5,annoyance,cambridge,sentiwordnet,unpredictability,0.36550000000000005,0.3645,0.0010000000000000564,0.1064,0.9159,False
openai_gpt-5,annoyance,cambridge,sentiwordnet,valence,-0.5434999999999999,-0.5674999999999999,0.02400000000000002,1.4409,0.1582,False
openai_gpt-5,anticipation,cambridge,sentiwordnet,activity,0.68325,0.6195,0.06374999999999997,8.2893,0.0,True
openai_gpt-5,anticipation,cambridge,sentiwordnet,arousal,0.706,0.635,0.07099999999999995,10.0694,0.0,True
openai_gpt-5,anticipation,cambridge,sentiwordnet,dominance,0.275,0.5335,-0.25849999999999995,-11.4009,0.0,True
openai_gpt-5,anticipation,cambridge,sentiwordnet,evaluation,0.64625,0.6042500000000001,0.041999999999999926,3.9262,0.0002,True
openai_gpt-5,anticipation,cambridge,sentiwordnet,pleasure,0.6469999999999999,0.6535,-0.006500000000000061,-0.4733,0.6388,False
openai_gpt-5,anticipation,cambridge,sentiwordnet,potency,0.5765,0.65425,-0.07774999999999999,-10.2313,0.0,True
openai_gpt-5,anticipation,cambridge,sentiwordnet,unpredictability,0.387,0.199,0.188,13.0059,0.0,True
openai_gpt-5,anticipation,cambridge,sentiwordnet,valence,0.6315,0.6345,-0.0030000000000000027,-0.1458,0.885,False
openai_gpt-5,apprehension,cambridge,sentiwordnet,activity,0.5977499999999999,0.6367499999999999,-0.039000000000000035,-5.0792,0.0,True
openai_gpt-5,apprehension,cambridge,sentiwordnet,arousal,0.6255,0.68025,-0.054750000000000076,-6.5413,0.0,True
openai_gpt-5,apprehension,cambridge,sentiwordnet,dominance,-0.5705,-0.611,0.04049999999999998,2.5133,0.0177,True
openai_gpt-5,apprehension,cambridge,sentiwordnet,evaluation,-0.6085,-0.6535,0.04499999999999993,5.4229,0.0,True
openai_gpt-5,apprehension,cambridge,sentiwordnet,pleasure,-0.5774999999999999,-0.62,0.04250000000000009,3.2653,0.0025,True
openai_gpt-5,apprehension,cambridge,sentiwordnet,potency,0.29275,0.28450000000000003,0.00824999999999998,1.6588,0.1013,False
openai_gpt-5,apprehension,cambridge,sentiwordnet,unpredictability,0.699,0.6910000000000001,0.007999999999999896,0.5896,0.559,False
openai_gpt-5,apprehension,cambridge,sentiwordnet,valence,-0.6124999999999999,-0.6355,0.02300000000000002,2.1911,0.0355,True
openai_gpt-5,awe,cambridge,sentiwordnet,activity,0.6082500000000001,0.6134999999999999,-0.005249999999999866,-0.6086,0.5446,False
openai_gpt-5,awe,cambridge,sentiwordnet,arousal,0.693,0.7,-0.007000000000000006,-0.8647,0.39,False
openai_gpt-5,awe,cambridge,sentiwordnet,dominance,-0.5725,-0.6074999999999999,0.03499999999999992,2.404,0.0212,True
openai_gpt-5,awe,cambridge,sentiwordnet,evaluation,0.29375,0.505,-0.21125,-12.9529,0.0,True
openai_gpt-5,awe,cambridge,sentiwordnet,pleasure,0.27999999999999997,0.5075,-0.22749999999999998,-9.3833,0.0,True
openai_gpt-5,awe,cambridge,sentiwordnet,potency,0.29275,0.2665,0.026249999999999996,3.5964,0.0006,True
openai_gpt-5,awe,cambridge,sentiwordnet,unpredictability,0.732,0.75,-0.018000000000000016,-1.4056,0.1688,False
openai_gpt-5,awe,cambridge,sentiwordnet,valence,0.2675,0.49250000000000005,-0.22500000000000003,-9.0914,0.0,True
openai_gpt-5,boredom,cambridge,sentiwordnet,activity,0.22949999999999998,0.2365,-0.007000000000000006,-0.9708,0.3346,False
openai_gpt-5,boredom,cambridge,sentiwordnet,arousal,0.229,0.21675,0.012250000000000011,2.0624,0.0429,True
openai_gpt-5,boredom,cambridge,sentiwordnet,dominance,-0.3805,-0.3655,-0.015000000000000013,-0.9507,0.3479,False
openai_gpt-5,boredom,cambridge,sentiwordnet,evaluation,-0.5290000000000001,-0.54125,0.012249999999999872,1.1118,0.2697,False
openai_gpt-5,boredom,cambridge,sentiwordnet,pleasure,-0.4605,-0.5,0.03949999999999998,2.1202,0.0416,True
openai_gpt-5,boredom,cambridge,sentiwordnet,potency,0.29775,0.2955,0.0022500000000000298,0.282,0.7787,False
openai_gpt-5,boredom,cambridge,sentiwordnet,unpredictability,0.22900000000000004,0.19000000000000003,0.03900000000000001,3.0342,0.0062,True
openai_gpt-5,boredom,cambridge,sentiwordnet,valence,-0.5205,-0.5135000000000001,-0.006999999999999895,-0.4476,0.6571,False
openai_gpt-5,contempt,cambridge,sentiwordnet,activity,0.34325,0.369,-0.025749999999999995,-3.4434,0.0009,True
openai_gpt-5,contempt,cambridge,sentiwordnet,arousal,0.372,0.39499999999999996,-0.022999999999999965,-2.8607,0.0056,True
openai_gpt-5,contempt,cambridge,sentiwordnet,dominance,0.6244999999999998,0.6235,0.0009999999999997788,0.0598,0.9527,False
openai_gpt-5,contempt,cambridge,sentiwordnet,evaluation,-0.725,-0.784,0.05900000000000005,5.8411,0.0,True
openai_gpt-5,contempt,cambridge,sentiwordnet,pleasure,-0.6199999999999999,-0.7234999999999999,0.10350000000000004,7.1848,0.0,True
openai_gpt-5,contempt,cambridge,sentiwordnet,potency,0.718,0.70875,0.00924999999999998,1.1196,0.2663,False
openai_gpt-5,contempt,cambridge,sentiwordnet,unpredictability,0.35000000000000003,0.4250000000000001,-0.07500000000000007,-2.4377,0.0206,True
openai_gpt-5,contempt,cambridge,sentiwordnet,valence,-0.7034999999999999,-0.771,0.06750000000000012,4.395,0.0001,True
openai_gpt-5,disappointment,cambridge,sentiwordnet,activity,0.33575,0.33799999999999997,-0.0022499999999999742,-0.5488,0.5847,False
openai_gpt-5,disappointment,cambridge,sentiwordnet,arousal,0.33399999999999996,0.3365,-0.0025000000000000577,-0.5713,0.5694,False
openai_gpt-5,disappointment,cambridge,sentiwordnet,dominance,-0.5080000000000001,-0.5429999999999999,0.03499999999999981,1.9901,0.0539,False
openai_gpt-5,disappointment,cambridge,sentiwordnet,evaluation,-0.62725,-0.6165,-0.010749999999999926,-1.3147,0.1928,False
openai_gpt-5,disappointment,cambridge,sentiwordnet,pleasure,-0.6125,-0.5974999999999999,-0.015000000000000124,-1.5508,0.1304,False
openai_gpt-5,disappointment,cambridge,sentiwordnet,potency,0.30625,0.3135,-0.007249999999999979,-1.4798,0.143,False
openai_gpt-5,disappointment,cambridge,sentiwordnet,unpredictability,0.389,0.35750000000000004,0.03149999999999997,2.391,0.0219,True
openai_gpt-5,disappointment,cambridge,sentiwordnet,valence,-0.625,-0.6125,-0.012499999999999956,-1.4491,0.157,False
openai_gpt-5,disgust,cambridge,sentiwordnet,activity,0.6287499999999999,0.64225,-0.013500000000000068,-1.5257,0.1311,False
openai_gpt-5,disgust,cambridge,sentiwordnet,arousal,0.6727500000000001,0.6745000000000001,-0.0017500000000000293,-0.2053,0.8379,False
openai_gpt-5,disgust,cambridge,sentiwordnet,dominance,-0.211,-0.3785,0.1675,1.8932,0.0679,False
openai_gpt-5,disgust,cambridge,sentiwordnet,evaluation,-0.8752500000000001,-0.8835000000000001,0.00824999999999998,1.5376,0.1282,False
openai_gpt-5,disgust,cambridge,sentiwordnet,pleasure,-0.8525,-0.8574999999999999,0.004999999999999893,0.6325,0.5309,False
openai_gpt-5,disgust,cambridge,sentiwordnet,potency,0.38275000000000003,0.40225,-0.019499999999999962,-1.0313,0.3056,False
openai_gpt-5,disgust,cambridge,sentiwordnet,unpredictability,0.367,0.3255,0.04149999999999998,2.9716,0.0053,True
openai_gpt-5,disgust,cambridge,sentiwordnet,valence,-0.8425,-0.8524999999999998,0.009999999999999787,1.2649,0.2147,False
openai_gpt-5,distraction,cambridge,sentiwordnet,activity,0.3857499999999999,0.6082500000000001,-0.22250000000000014,-21.1435,0.0,True
openai_gpt-5,distraction,cambridge,sentiwordnet,arousal,0.39375,0.68225,-0.28850000000000003,-37.3983,0.0,True
openai_gpt-5,distraction,cambridge,sentiwordnet,dominance,-0.38150000000000006,-0.6064999999999998,0.22499999999999976,10.1779,0.0,True
openai_gpt-5,distraction,cambridge,sentiwordnet,evaluation,-0.60075,-0.67675,0.07599999999999996,6.6337,0.0,True
openai_gpt-5,distraction,cambridge,sentiwordnet,pleasure,-0.6325,-0.6834999999999999,0.050999999999999934,2.9756,0.0051,True
openai_gpt-5,distraction,cambridge,sentiwordnet,potency,0.33925,0.29874999999999996,0.040500000000000036,6.1023,0.0,True
openai_gpt-5,distraction,cambridge,sentiwordnet,unpredictability,0.6194999999999999,0.6945,-0.07500000000000007,-4.5513,0.0001,True
openai_gpt-5,distraction,cambridge,sentiwordnet,valence,-0.6164999999999999,-0.6619999999999999,0.045499999999999985,2.8108,0.0078,True
openai_gpt-5,ecstasy,cambridge,sentiwordnet,activity,0.8932500000000001,0.883,0.010250000000000092,2.0846,0.0405,True
openai_gpt-5,ecstasy,cambridge,sentiwordnet,arousal,0.94025,0.93,0.010249999999999981,2.9929,0.0038,True
openai_gpt-5,ecstasy,cambridge,sentiwordnet,dominance,0.43150000000000005,-0.5820000000000001,1.0135,19.0306,0.0,True
openai_gpt-5,ecstasy,cambridge,sentiwordnet,evaluation,0.9782500000000001,0.9647500000000001,0.013499999999999956,6.478,0.0,True
openai_gpt-5,ecstasy,cambridge,sentiwordnet,pleasure,0.9814999999999999,0.9715,0.009999999999999898,4.2438,0.0003,True
openai_gpt-5,ecstasy,cambridge,sentiwordnet,potency,0.782,0.723,0.05900000000000005,1.5608,0.1256,False
openai_gpt-5,ecstasy,cambridge,sentiwordnet,unpredictability,0.6794999999999999,0.731,-0.0515000000000001,-4.0101,0.0003,True
openai_gpt-5,ecstasy,cambridge,sentiwordnet,valence,0.9730000000000001,0.9570000000000001,0.016000000000000014,5.4795,0.0,True
openai_gpt-5,fear,cambridge,sentiwordnet,activity,0.8085000000000001,0.819,-0.010499999999999843,-1.6384,0.1054,False
openai_gpt-5,fear,cambridge,sentiwordnet,arousal,0.84575,0.85725,-0.011499999999999955,-3.4862,0.0009,True
openai_gpt-5,fear,cambridge,sentiwordnet,dominance,-0.6824999999999999,-0.6749999999999999,-0.007499999999999951,-0.4519,0.6543,False
openai_gpt-5,fear,cambridge,sentiwordnet,evaluation,-0.8150000000000001,-0.8012499999999999,-0.013750000000000151,-1.9391,0.0561,False
openai_gpt-5,fear,cambridge,sentiwordnet,pleasure,-0.78,-0.789,0.009000000000000008,0.8774,0.3858,False
openai_gpt-5,fear,cambridge,sentiwordnet,potency,0.21825,0.22675,-0.008500000000000008,-1.3163,0.1923,False
openai_gpt-5,fear,cambridge,sentiwordnet,unpredictability,0.633,0.5765,0.056499999999999995,3.1971,0.0034,True
openai_gpt-5,fear,cambridge,sentiwordnet,valence,-0.7725000000000001,-0.7875000000000002,0.015000000000000124,1.5253,0.1374,False
openai_gpt-5,grief,cambridge,sentiwordnet,activity,0.46725000000000005,0.5885,-0.12124999999999997,-4.297,0.0001,True
openai_gpt-5,grief,cambridge,sentiwordnet,arousal,0.37749999999999995,0.47074999999999995,-0.09325,-5.3404,0.0,True
openai_gpt-5,grief,cambridge,sentiwordnet,dominance,-0.7935000000000001,-0.759,-0.034500000000000086,-2.4137,0.0207,True
openai_gpt-5,grief,cambridge,sentiwordnet,evaluation,-0.9352499999999999,-0.9460000000000001,0.010750000000000148,2.9906,0.004,True
openai_gpt-5,grief,cambridge,sentiwordnet,pleasure,-0.9275,-0.9224999999999998,-0.0050000000000002265,-0.6549,0.5165,False
openai_gpt-5,grief,cambridge,sentiwordnet,potency,0.21100000000000002,0.20525000000000002,0.005750000000000005,1.0907,0.2799,False
openai_gpt-5,grief,cambridge,sentiwordnet,unpredictability,0.696,0.7325,-0.03650000000000009,-3.2941,0.0024,True
openai_gpt-5,grief,cambridge,sentiwordnet,valence,-0.9135,-0.9169999999999998,0.0034999999999998366,0.552,0.5844,False
openai_gpt-5,interest,cambridge,sentiwordnet,activity,0.54375,0.53125,0.012499999999999956,1.0633,0.291,False
openai_gpt-5,interest,cambridge,sentiwordnet,arousal,0.5965,0.593,0.0035000000000000586,0.664,0.5088,False
openai_gpt-5,interest,cambridge,sentiwordnet,dominance,0.29700000000000004,0.2695,0.027500000000000024,1.485,0.1458,False
openai_gpt-5,interest,cambridge,sentiwordnet,evaluation,0.471,0.44675000000000004,0.02424999999999994,2.476,0.0156,True
openai_gpt-5,interest,cambridge,sentiwordnet,pleasure,0.47800000000000004,0.41200000000000003,0.066,4.008,0.0003,True
openai_gpt-5,interest,cambridge,sentiwordnet,potency,0.50675,0.56175,-0.05499999999999994,-4.2403,0.0001,True
openai_gpt-5,interest,cambridge,sentiwordnet,unpredictability,0.5429999999999999,0.3665,0.17649999999999993,9.752,0.0,True
openai_gpt-5,interest,cambridge,sentiwordnet,valence,0.4805,0.43599999999999994,0.04450000000000004,2.0809,0.0443,True
openai_gpt-5,joy,cambridge,sentiwordnet,activity,0.7415,0.65125,0.09025000000000005,10.0924,0.0,True
openai_gpt-5,joy,cambridge,sentiwordnet,arousal,0.7877500000000001,0.731,0.05675000000000008,8.8979,0.0,True
openai_gpt-5,joy,cambridge,sentiwordnet,dominance,0.6235,0.5934999999999999,0.030000000000000138,1.2856,0.2066,False
openai_gpt-5,joy,cambridge,sentiwordnet,evaluation,0.94575,0.9324999999999999,0.013250000000000095,3.0877,0.003,True
openai_gpt-5,joy,cambridge,sentiwordnet,pleasure,0.9474999999999998,0.9389999999999998,0.008499999999999952,1.6283,0.1141,False
openai_gpt-5,joy,cambridge,sentiwordnet,potency,0.66875,0.66625,0.0024999999999999467,0.2182,0.8278,False
openai_gpt-5,joy,cambridge,sentiwordnet,unpredictability,0.34950000000000003,0.342,0.007500000000000007,0.5752,0.5686,False
openai_gpt-5,joy,cambridge,sentiwordnet,valence,0.9409999999999998,0.9399999999999998,0.0010000000000000009,0.1752,0.8619,False
openai_gpt-5,loathing,cambridge,sentiwordnet,activity,0.70975,0.733,-0.023249999999999993,-2.3621,0.0207,True
openai_gpt-5,loathing,cambridge,sentiwordnet,arousal,0.74475,0.7474999999999999,-0.002749999999999919,-0.2957,0.7683,False
openai_gpt-5,loathing,cambridge,sentiwordnet,dominance,0.161,0.294,-0.13299999999999998,-1.5883,0.1209,False
openai_gpt-5,loathing,cambridge,sentiwordnet,evaluation,-0.91525,-0.9264999999999999,0.011249999999999871,2.3989,0.0188,True
openai_gpt-5,loathing,cambridge,sentiwordnet,pleasure,-0.8909999999999998,-0.9125,0.021500000000000186,3.318,0.002,True
openai_gpt-5,loathing,cambridge,sentiwordnet,potency,0.698,0.7074999999999999,-0.009499999999999953,-0.7251,0.4708,False
openai_gpt-5,loathing,cambridge,sentiwordnet,unpredictability,0.31150000000000005,0.29,0.021500000000000075,1.8846,0.0673,False
openai_gpt-5,loathing,cambridge,sentiwordnet,valence,-0.9065,-0.8995,-0.007000000000000006,-1.0185,0.3149,False
openai_gpt-5,love,cambridge,sentiwordnet,activity,0.6495,0.5952500000000001,0.05424999999999991,4.0025,0.0001,True
openai_gpt-5,love,cambridge,sentiwordnet,arousal,0.6505000000000001,0.61625,0.034250000000000114,3.2124,0.0019,True
openai_gpt-5,love,cambridge,sentiwordnet,dominance,0.3785,0.3675,0.01100000000000001,0.3457,0.7317,False
openai_gpt-5,love,cambridge,sentiwordnet,evaluation,0.9039999999999999,0.89175,0.012249999999999872,2.9157,0.0047,True
openai_gpt-5,love,cambridge,sentiwordnet,pleasure,0.8974999999999997,0.8695,0.027999999999999692,4.1061,0.0002,True
openai_gpt-5,love,cambridge,sentiwordnet,potency,0.62,0.627,-0.007000000000000006,-0.5802,0.5634,False
openai_gpt-5,love,cambridge,sentiwordnet,unpredictability,0.346,0.537,-0.19100000000000006,-5.7999,0.0,True
openai_gpt-5,love,cambridge,sentiwordnet,valence,0.9024999999999999,0.9034999999999999,-0.0010000000000000009,-0.1966,0.8452,False
openai_gpt-5,optimism,cambridge,sentiwordnet,activity,0.4065,0.39624999999999994,0.010250000000000037,0.8726,0.386,False
openai_gpt-5,optimism,cambridge,sentiwordnet,arousal,0.48925,0.42125,0.068,6.4402,0.0,True
openai_gpt-5,optimism,cambridge,sentiwordnet,dominance,0.5845,0.5884999999999999,-0.0039999999999998925,-0.1713,0.8649,False
openai_gpt-5,optimism,cambridge,sentiwordnet,evaluation,0.8399999999999999,0.8390000000000001,0.0009999999999997788,0.1363,0.8919,False
openai_gpt-5,optimism,cambridge,sentiwordnet,pleasure,0.7775000000000001,0.7735000000000001,0.0040000000000000036,0.2736,0.7859,False
openai_gpt-5,optimism,cambridge,sentiwordnet,potency,0.6405000000000001,0.645,-0.0044999999999999485,-0.5089,0.6123,False
openai_gpt-5,optimism,cambridge,sentiwordnet,unpredictability,0.312,0.2825,0.029500000000000026,2.7324,0.0098,True
openai_gpt-5,optimism,cambridge,sentiwordnet,valence,0.8630000000000001,0.8554999999999999,0.007500000000000173,0.93,0.3583,False
openai_gpt-5,pensiveness,cambridge,sentiwordnet,activity,0.24299999999999997,0.279,-0.03600000000000006,-6.1997,0.0,True
openai_gpt-5,pensiveness,cambridge,sentiwordnet,arousal,0.2615,0.2915,-0.02999999999999997,-6.2959,0.0,True
openai_gpt-5,pensiveness,cambridge,sentiwordnet,dominance,-0.15050000000000002,-0.10350000000000001,-0.047000000000000014,-0.9759,0.3369,False
openai_gpt-5,pensiveness,cambridge,sentiwordnet,evaluation,-0.2125,-0.22424999999999998,0.011749999999999983,1.2362,0.2207,False
openai_gpt-5,pensiveness,cambridge,sentiwordnet,pleasure,-0.19900000000000004,-0.20500000000000002,0.005999999999999978,0.5857,0.5648,False
openai_gpt-5,pensiveness,cambridge,sentiwordnet,potency,0.3645,0.41425,-0.049750000000000016,-3.6965,0.0004,True
openai_gpt-5,pensiveness,cambridge,sentiwordnet,unpredictability,0.30600000000000005,0.29100000000000004,0.015000000000000013,2.5587,0.0146,True
openai_gpt-5,pensiveness,cambridge,sentiwordnet,valence,-0.20000000000000004,-0.203,0.002999999999999975,0.3056,0.7619,False
openai_gpt-5,rage,cambridge,sentiwordnet,activity,0.9275,0.91875,0.008750000000000036,2.6516,0.0097,True
openai_gpt-5,rage,cambridge,sentiwordnet,arousal,0.9545,0.94375,0.010750000000000037,4.83,0.0,True
openai_gpt-5,rage,cambridge,sentiwordnet,dominance,-0.0455,0.1265,-0.172,-1.286,0.2068,False
openai_gpt-5,rage,cambridge,sentiwordnet,evaluation,-0.92275,-0.915,-0.007749999999999924,-1.665,0.1,False
openai_gpt-5,rage,cambridge,sentiwordnet,pleasure,-0.9014999999999999,-0.9075,0.006000000000000116,1.1344,0.2638,False
openai_gpt-5,rage,cambridge,sentiwordnet,potency,0.9035,0.8825,0.02100000000000002,3.4542,0.0009,True
openai_gpt-5,rage,cambridge,sentiwordnet,unpredictability,0.843,0.807,0.03599999999999992,4.3158,0.0001,True
openai_gpt-5,rage,cambridge,sentiwordnet,valence,-0.9075,-0.899,-0.008499999999999952,-1.4788,0.148,False
openai_gpt-5,remorse,cambridge,sentiwordnet,activity,0.38249999999999995,0.41525,-0.03275000000000006,-4.3568,0.0,True
openai_gpt-5,remorse,cambridge,sentiwordnet,arousal,0.3655,0.4205,-0.05499999999999999,-9.1005,0.0,True
openai_gpt-5,remorse,cambridge,sentiwordnet,dominance,-0.5755,-0.6315,0.05599999999999994,3.5205,0.0012,True
openai_gpt-5,remorse,cambridge,sentiwordnet,evaluation,-0.76825,-0.8225,0.05425000000000002,6.5222,0.0,True
openai_gpt-5,remorse,cambridge,sentiwordnet,pleasure,-0.7675,-0.8030000000000003,0.03550000000000031,3.1012,0.0041,True
openai_gpt-5,remorse,cambridge,sentiwordnet,potency,0.24900000000000003,0.2425,0.0065000000000000335,1.003,0.319,False
openai_gpt-5,remorse,cambridge,sentiwordnet,unpredictability,0.3265,0.34550000000000003,-0.019000000000000017,-1.4646,0.1522,False
openai_gpt-5,remorse,cambridge,sentiwordnet,valence,-0.7530000000000001,-0.8215,0.0684999999999999,7.4559,0.0,True
openai_gpt-5,sadness,cambridge,sentiwordnet,activity,0.29525,0.3005,-0.005249999999999977,-1.2913,0.2008,False
openai_gpt-5,sadness,cambridge,sentiwordnet,arousal,0.26875,0.29125,-0.02250000000000002,-4.8427,0.0,True
openai_gpt-5,sadness,cambridge,sentiwordnet,dominance,-0.5819999999999999,-0.59,0.008000000000000118,0.3812,0.7051,False
openai_gpt-5,sadness,cambridge,sentiwordnet,evaluation,-0.7847500000000001,-0.76375,-0.02100000000000002,-2.5388,0.0132,True
openai_gpt-5,sadness,cambridge,sentiwordnet,pleasure,-0.7199999999999999,-0.7174999999999999,-0.0024999999999999467,-0.2216,0.8258,False
openai_gpt-5,sadness,cambridge,sentiwordnet,potency,0.24725000000000003,0.26025,-0.012999999999999956,-1.4841,0.1418,False
openai_gpt-5,sadness,cambridge,sentiwordnet,unpredictability,0.33949999999999997,0.35000000000000003,-0.010500000000000065,-1.1799,0.2454,False
openai_gpt-5,sadness,cambridge,sentiwordnet,valence,-0.7775000000000001,-0.7299999999999999,-0.04750000000000021,-4.1671,0.0002,True
openai_gpt-5,serenity,cambridge,sentiwordnet,activity,0.151,0.09,0.061,12.4984,0.0,True
openai_gpt-5,serenity,cambridge,sentiwordnet,arousal,0.14275,0.06675,0.07599999999999998,13.719,0.0,True
openai_gpt-5,serenity,cambridge,sentiwordnet,dominance,0.4875,0.5900000000000001,-0.10250000000000009,-3.1032,0.0036,True
openai_gpt-5,serenity,cambridge,sentiwordnet,evaluation,0.82775,0.7785,0.049250000000000016,5.0562,0.0,True
openai_gpt-5,serenity,cambridge,sentiwordnet,pleasure,0.78,0.6809999999999999,0.09900000000000009,5.7163,0.0,True
openai_gpt-5,serenity,cambridge,sentiwordnet,potency,0.56925,0.5822499999999999,-0.0129999999999999,-0.605,0.5471,False
openai_gpt-5,serenity,cambridge,sentiwordnet,unpredictability,0.18450000000000003,0.14500000000000002,0.03950000000000001,4.3457,0.0001,True
openai_gpt-5,serenity,cambridge,sentiwordnet,valence,0.8145,0.8055000000000001,0.008999999999999897,1.0304,0.3103,False
openai_gpt-5,submission,cambridge,sentiwordnet,activity,0.319,0.23125,0.08775,16.0902,0.0,True
openai_gpt-5,submission,cambridge,sentiwordnet,arousal,0.3375,0.2225,0.11500000000000002,20.9736,0.0,True
openai_gpt-5,submission,cambridge,sentiwordnet,dominance,-0.8215,-0.8150000000000001,-0.00649999999999995,-0.6355,0.5292,False
openai_gpt-5,submission,cambridge,sentiwordnet,evaluation,-0.37374999999999997,-0.2325,-0.14124999999999996,-11.4192,0.0,True
openai_gpt-5,submission,cambridge,sentiwordnet,pleasure,-0.28850000000000003,-0.14650000000000002,-0.14200000000000002,-4.7889,0.0,True
openai_gpt-5,submission,cambridge,sentiwordnet,potency,0.1585,0.14900000000000002,0.00949999999999998,1.4554,0.1496,False
openai_gpt-5,submission,cambridge,sentiwordnet,unpredictability,0.23899999999999996,0.22749999999999998,0.011499999999999982,1.304,0.2002,False
openai_gpt-5,submission,cambridge,sentiwordnet,valence,-0.41800000000000004,-0.21350000000000002,-0.20450000000000002,-12.3629,0.0,True
openai_gpt-5,surprise,cambridge,sentiwordnet,activity,0.757,0.8172499999999999,-0.060249999999999915,-6.3728,0.0,True
openai_gpt-5,surprise,cambridge,sentiwordnet,arousal,0.807,0.8324999999999999,-0.025499999999999856,-5.4311,0.0,True
openai_gpt-5,surprise,cambridge,sentiwordnet,dominance,-0.4600000000000001,-0.554,0.09399999999999997,4.181,0.0002,True
openai_gpt-5,surprise,cambridge,sentiwordnet,evaluation,0.0,0.0,0.0,,,False
openai_gpt-5,surprise,cambridge,sentiwordnet,pleasure,0.0,0.0,0.0,,,False
openai_gpt-5,surprise,cambridge,sentiwordnet,potency,0.3265,0.3155,0.01100000000000001,1.3746,0.1736,False
openai_gpt-5,surprise,cambridge,sentiwordnet,unpredictability,0.627,0.7835,-0.15649999999999997,-2.9561,0.0053,True
openai_gpt-5,surprise,cambridge,sentiwordnet,valence,0.0,0.0,0.0,,,False
openai_gpt-5,terror,cambridge,sentiwordnet,activity,0.93925,0.9329999999999998,0.0062500000000002,2.5042,0.0145,True
openai_gpt-5,terror,cambridge,sentiwordnet,arousal,0.9502500000000002,0.9460000000000001,0.004250000000000087,2.0271,0.0461,True
openai_gpt-5,terror,cambridge,sentiwordnet,dominance,-0.9059999999999999,-0.8899999999999999,-0.016000000000000014,-1.453,0.155,False
openai_gpt-5,terror,cambridge,sentiwordnet,evaluation,-0.94725,-0.952,0.004749999999999921,1.2874,0.2018,False
openai_gpt-5,terror,cambridge,sentiwordnet,pleasure,-0.9504999999999999,-0.9494999999999999,-0.0010000000000000009,-0.3987,0.6931,False
openai_gpt-5,terror,cambridge,sentiwordnet,potency,0.10674999999999998,0.11925,-0.012500000000000011,-1.9932,0.0498,True
openai_gpt-5,terror,cambridge,sentiwordnet,unpredictability,0.85,0.8605,-0.010500000000000065,-1.5475,0.1301,False
openai_gpt-5,terror,cambridge,sentiwordnet,valence,-0.9490000000000001,-0.9385,-0.010500000000000065,-2.6348,0.0148,True
openai_gpt-5,trust,cambridge,sentiwordnet,activity,0.27775,0.278,-0.000250000000000028,-0.0343,0.9727,False
openai_gpt-5,trust,cambridge,sentiwordnet,arousal,0.27549999999999997,0.30175,-0.02625000000000005,-4.1785,0.0001,True
openai_gpt-5,trust,cambridge,sentiwordnet,dominance,0.4245,0.281,0.14349999999999996,5.1921,0.0,True
openai_gpt-5,trust,cambridge,sentiwordnet,evaluation,0.7404999999999999,0.76,-0.019500000000000073,-2.393,0.0192,True
openai_gpt-5,trust,cambridge,sentiwordnet,pleasure,0.7119999999999999,0.6845,0.027499999999999858,2.1993,0.0341,True
openai_gpt-5,trust,cambridge,sentiwordnet,potency,0.46225000000000005,0.513,-0.05074999999999996,-2.8332,0.0059,True
openai_gpt-5,trust,cambridge,sentiwordnet,unpredictability,0.22400000000000006,0.20550000000000002,0.018500000000000044,2.0624,0.0464,True
openai_gpt-5,trust,cambridge,sentiwordnet,valence,0.7795,0.7645000000000001,0.014999999999999902,1.2899,0.2054,False
openai_gpt-5,vigilance,cambridge,sentiwordnet,activity,0.6535,0.6224999999999999,0.031000000000000028,4.8604,0.0,True
openai_gpt-5,vigilance,cambridge,sentiwordnet,arousal,0.7115,0.693,0.018500000000000072,2.2685,0.0261,True
openai_gpt-5,vigilance,cambridge,sentiwordnet,dominance,0.24300000000000005,0.4285,-0.18549999999999994,-3.9941,0.0005,True
openai_gpt-5,vigilance,cambridge,sentiwordnet,evaluation,-0.34075,-0.26825,-0.07250000000000001,-5.6174,0.0,True
openai_gpt-5,vigilance,cambridge,sentiwordnet,pleasure,-0.35500000000000004,-0.278,-0.07700000000000001,-4.3255,0.0001,True
openai_gpt-5,vigilance,cambridge,sentiwordnet,potency,0.61375,0.6275000000000001,-0.01375000000000004,-1.3506,0.1813,False
openai_gpt-5,vigilance,cambridge,sentiwordnet,unpredictability,0.29150000000000004,0.2375,0.05400000000000005,5.7746,0.0,True
openai_gpt-5,vigilance,cambridge,sentiwordnet,valence,-0.3075,-0.22000000000000003,-0.08749999999999997,-4.8095,0.0,True
